Country,Year,Status,Life expectancy ,Adult Mortality,infant deaths,Alcohol,percentage expenditure,Hepatitis B,Measles , BMI ,under-five deaths ,Polio,Total expenditure,Diphtheria ,HIV/AIDS,GDP,Population,Thinness  1-19 years,Thinness 5-9 years,Income composition of resources,Schooling
Indonesia,2015,Developing,69.1,176.0,114,,0.0,78.0,15099,27.4,136,8.0,,78.0,0.3,3336.16686,258162113.0,1.4,1.2,0.686,12.9
Indonesia,2014,Developing,68.9,179.0,119,0.09,200.0684443,78.0,12943,26.5,142,8.0,2.85,78.0,0.3,3491.595887,255131116.0,1.4,1.2,0.682,12.9
Indonesia,2013,Developing,68.7,181.0,124,0.09,22.8478308,85.0,8419,25.6,148,86.0,2.93,85.0,0.3,362.663981,25232263.0,1.5,1.3,0.677,12.9
Indonesia,2012,Developing,68.5,183.0,129,0.08,254.4688257,83.0,15489,24.7,154,84.0,2.9,83.0,0.3,3687.953996,248883232.0,1.5,1.4,0.669,12.6
Indonesia,2011,Developing,68.3,185.0,134,0.08,211.8783404,81.0,21893,23.8,161,81.0,2.71,81.0,0.3,3634.27685,24577511.0,1.6,1.5,0.662,12.3
Indonesia,2010,Developing,68.1,187.0,138,0.08,190.5453646,83.0,18869,22.9,167,82.0,2.74,81.0,0.3,3113.48635,242524123.0,1.6,1.5,0.656,12.1
Indonesia,2009,Developing,67.9,189.0,143,0.08,125.7980678,82.0,20818,22.1,174,85.0,2.83,78.0,0.3,2254.44566,23934478.0,1.7,1.6,0.645,11.7
Indonesia,2008,Developing,67.7,189.0,149,0.07,10.26341108,82.0,15369,21.3,181,83.0,2.81,77.0,0.2,216.52766,236159276.0,1.7,1.7,0.641,11.7
Indonesia,2007,Developing,67.5,19.0,154,0.06,102.633435,76.0,19456,2.5,188,77.0,3.1,73.0,0.2,1855.93915,232989141.0,1.8,1.7,0.638,11.0
Indonesia,2006,Developing,67.3,191.0,159,0.06,72.0159316,66.0,20422,19.7,194,78.0,2.91,72.0,0.1,1586.254,22983822.0,1.8,1.8,0.632,10.9
Indonesia,2005,Developing,67.2,19.0,163,0.06,5.381782562,65.0,15853,19.0,201,79.0,2.79,72.0,0.1,126.928834,22671273.0,1.9,1.9,0.629,11.1
Indonesia,2004,Developing,65.3,213.0,174,0.06,55.36107207,64.0,29171,18.2,237,79.0,2.37,71.0,0.1,1148.56996,223614649.0,1.9,1.9,0.624,11.0
Indonesia,2003,Developing,66.9,189.0,173,0.05,8.460155758,64.0,24457,17.5,215,8.0,2.53,71.0,0.1,164.59447,22545214.0,1.9,11.0,0.613,10.8
Indonesia,2002,Developing,66.7,189.0,177,0.05,43.17867291,63.0,14492,16.7,222,8.0,2.27,7.0,0.1,899.5556857,2175859.0,11.0,11.1,0.608,10.6
Indonesia,2001,Developing,66.5,188.0,182,0.06,33.95837125,62.0,3825,16.0,229,77.0,2.23,76.0,0.1,747.9817455,2145652.0,11.0,11.1,0.604,10.6
Indonesia,2000,Developing,66.3,188.0,187,0.06,3.43334364,65.0,3344,15.4,237,72.0,1.98,75.0,0.1,78.92744,21154429.0,11.0,11.2,0.597,10.7
India,2015,Developing,68.3,181.0,910,,0.0,87.0,90387,18.7,1100,86.0,,87.0,0.2,1613.18878,1395398.0,26.7,27.3,0.615,11.6
India,2014,Developing,68.0,184.0,957,3.07,86.52153895,79.0,79563,18.1,1200,84.0,4.69,85.0,0.2,1573.11889,1293859294.0,26.8,27.4,0.607,11.6
India,2013,Developing,67.6,187.0,1000,3.11,67.67230438,7.0,13822,17.5,1300,82.0,4.53,83.0,0.2,1452.195373,127856227.0,26.8,27.5,0.599,11.5
India,2012,Developing,67.3,19.0,1100,3.1,64.96964491,73.0,18668,17.0,1400,79.0,4.39,82.0,0.2,1446.98541,126365852.0,26.9,27.6,0.59,11.3
India,2011,Developing,66.8,193.0,1100,3.0,64.6059005,44.0,33634,16.4,1500,79.0,4.33,82.0,0.2,1461.671957,124723629.0,26.9,27.7,0.58,10.8
India,2010,Developing,66.4,196.0,1200,2.77,57.73359864,38.0,31458,15.9,1600,76.0,4.28,79.0,0.2,1345.77153,12398691.0,27.0,27.8,0.569,10.4
India,2009,Developing,66.0,2.0,1300,2.5,0.844186331,37.0,56188,15.4,1700,73.0,4.38,74.0,0.2,19.317765,121427132.0,27.0,27.8,0.563,10.5
India,2008,Developing,65.5,23.0,1300,1.93,43.03043312,29.0,44258,14.9,1800,69.0,4.34,7.0,0.3,991.484634,119714696.0,27.0,27.9,0.556,10.2
India,2007,Developing,65.2,26.0,1400,1.59,5.234770324,6.0,41144,14.4,1900,67.0,4.23,64.0,0.3,118.166373,1179681239.0,27.1,28.0,0.546,9.9
India,2006,Developing,64.8,28.0,1500,1.37,34.85942671,6.0,64185,13.9,2000,66.0,4.25,65.0,0.3,792.259698,1161977719.0,27.1,28.0,0.536,9.7
India,2005,Developing,64.4,211.0,1500,1.27,3.5096369,8.0,36711,13.5,2000,65.0,4.28,65.0,0.3,77.819,1144118674.0,27.2,28.1,0.526,9.4
India,2004,Developing,64.0,214.0,1600,1.2,27.33800857,6.0,55443,13.0,2100,58.0,4.22,63.0,0.3,621.3183767,1126135777.0,27.2,28.2,0.518,9.2
India,2003,Developing,63.7,216.0,1700,1.19,19.4808682,,47147,12.6,2200,57.0,4.3,61.0,0.3,541.1352279,11827848.0,27.3,28.3,0.505,8.6
India,2002,Developing,63.3,219.0,1700,1.1,17.81205644,,40044,12.2,2300,58.0,4.4,59.0,0.3,466.2842,18987112.0,27.4,28.4,0.499,8.4
India,2001,Developing,62.9,222.0,1800,1.0,19.00340606,,51780,11.8,2400,58.0,4.5,59.0,0.3,447.138966,171477855.0,27.5,28.5,0.494,8.3
India,2000,Developing,62.5,224.0,1800,0.93,19.26615743,,38835,11.4,2500,57.0,4.26,58.0,0.3,438.864634,1535912.0,27.7,28.6,0.489,8.3
China,2015,Developing,76.1,85.0,157,,0.0,99.0,42361,32.9,183,99.0,,99.0,0.1,869.211938,137122.0,3.6,2.9,0.734,13.5
China,2014,Developing,75.8,86.0,171,5.78,109.8743903,99.0,52628,31.9,198,99.0,5.55,99.0,0.1,7683.5238,136427.0,3.7,3.0,0.723,13.1
China,2013,Developing,75.6,88.0,185,5.79,9.955532032,99.0,26883,3.9,216,99.0,5.39,99.0,0.1,777.77594,135738.0,3.8,3.2,0.713,12.7
China,2012,Developing,75.4,89.0,201,5.74,94.4344566,99.0,6183,3.0,233,99.0,5.26,99.0,0.1,6337.882993,135695.0,3.9,3.3,0.703,12.4
China,2011,Developing,75.2,91.0,215,5.63,91.26749779,99.0,9943,29.0,251,99.0,5.3,99.0,0.1,5633.79616,134413.0,4.1,3.5,0.7,12.8
China,2010,Developing,75.0,92.0,231,5.75,5.660754839,99.0,38159,28.1,268,99.0,4.89,99.0,0.1,456.512487,133775.0,4.2,3.6,0.691,12.5
China,2009,Developing,74.9,93.0,248,4.88,50.28348923,99.0,52461,27.3,288,99.0,5.8,99.0,0.1,3838.434292,133126.0,4.4,3.8,0.682,12.2
China,2008,Developing,74.5,97.0,266,4.27,39.22509728,95.0,131441,26.5,308,99.0,4.59,97.0,0.1,3471.247547,1324655.0,4.5,4.0,0.672,11.9
China,2007,Developing,74.4,96.0,285,3.88,312.6624819,92.0,109023,25.7,332,94.0,4.32,93.0,0.1,2695.366223,1317885.0,4.7,4.1,0.659,11.4
China,2006,Developing,74.2,98.0,307,3.28,29.74342979,91.0,99602,24.9,360,94.0,4.52,93.0,0.1,299.229676,13112.0,4.8,4.3,0.646,11.0
China,2005,Developing,73.9,99.0,332,2.92,171.6596026,84.0,124219,24.1,392,87.0,4.66,87.0,0.1,1753.4178,13372.0,5.0,4.4,0.634,10.6
China,2004,Developing,73.5,11.0,360,3.04,1.58668462,79.0,70549,23.4,427,87.0,4.72,87.0,0.1,158.668462,129675.0,5.1,4.6,0.622,10.2
China,2003,Developing,73.1,13.0,391,2.96,122.9365349,75.0,71879,22.6,467,87.0,4.82,86.0,0.1,1288.642924,12884.0,5.3,4.7,0.61,9.9
China,2002,Developing,72.7,16.0,422,2.91,106.3590358,7.0,58341,21.9,511,86.0,4.79,86.0,0.1,1148.5857,1284.0,5.5,4.9,0.6,9.7
China,2001,Developing,72.2,11.0,457,2.84,14.23064496,65.0,88962,21.2,558,86.0,4.56,86.0,0.1,153.1824,127185.0,5.7,5.0,0.592,9.6
China,2000,Developing,71.7,115.0,490,3.06,17.46057369,6.0,71093,2.5,608,86.0,4.6,85.0,0.1,959.372181,1262645.0,5.9,5.1,0.583,9.5
Pakistan,2015,Developing,66.4,161.0,352,,0.0,72.0,386,25.4,433,72.0,,72.0,0.1,1431.244865,18938513.0,19.2,19.6,0.548,8.1
Pakistan,2014,Developing,66.2,162.0,359,0.01,62.29361092,72.0,1370,24.7,442,72.0,2.61,72.0,0.1,1316.98966,185546257.0,19.4,19.8,0.542,7.8
Pakistan,2013,Developing,66.0,163.0,365,0.04,60.18648815,72.0,8749,23.9,450,72.0,2.7,72.0,0.1,1272.44161,181712595.0,19.6,2.0,0.538,7.7
Pakistan,2012,Developing,65.7,165.0,369,0.04,59.65900139,72.0,8046,23.2,456,72.0,2.76,72.0,0.1,1261.28967,177911533.0,19.8,2.2,0.529,7.6
Pakistan,2011,Developing,65.5,167.0,371,0.04,57.87736282,74.0,4386,22.5,459,75.0,3.1,74.0,0.1,1226.215314,174184265.0,2.0,2.4,0.525,7.5
Pakistan,2010,Developing,65.1,172.0,372,0.04,0.66751505,82.0,4321,21.9,461,82.0,3.2,82.0,0.1,14.142268,1756182.0,2.2,2.7,0.521,7.5
Pakistan,2009,Developing,64.8,175.0,371,0.03,0.697215581,78.0,863,21.3,460,7.0,2.94,71.0,0.1,16.63999,1674958.0,2.5,2.9,0.514,7.3
Pakistan,2008,Developing,64.6,177.0,369,0.03,5.447133608,65.0,1129,2.6,460,7.0,3.26,62.0,0.1,139.31288,16364463.0,2.7,21.1,0.513,7.3
Pakistan,2007,Developing,64.4,178.0,367,0.03,3.912744517,75.0,2801,2.1,459,75.0,3.35,75.0,0.1,95.4327931,16332974.0,2.8,21.3,0.505,6.7
Pakistan,2006,Developing,64.2,179.0,365,0.03,40.36829999,78.0,7641,19.5,458,77.0,3.4,78.0,0.1,873.772727,15793993.0,21.0,21.5,0.501,6.5
Pakistan,2005,Developing,62.9,2.0,364,0.04,30.59320769,7.0,2981,18.9,459,78.0,2.91,77.0,0.1,711.4699463,15399667.0,21.2,21.7,0.487,6.1
Pakistan,2004,Developing,63.7,183.0,364,0.01,28.98323119,65.0,4248,18.4,461,65.0,2.56,65.0,0.1,649.848233,15783.0,21.4,21.8,0.474,5.6
Pakistan,2003,Developing,63.5,185.0,366,0.01,24.23455671,63.0,4740,17.9,466,69.0,2.61,67.0,0.1,563.594342,1477341.0,21.6,22.0,0.465,5.6
Pakistan,2002,Developing,63.2,187.0,371,0.01,22.39387584,,3903,17.4,474,71.0,2.76,68.0,0.1,499.8633,144654143.0,21.8,22.2,0.457,5.5
Pakistan,2001,Developing,63.0,189.0,377,0.01,1.766663097,,3849,16.9,483,68.0,2.61,65.0,0.1,51.6568157,14161437.0,22.0,22.4,0.45,5.4
Pakistan,2000,Developing,62.8,19.0,385,0.02,18.84534312,,2064,16.4,495,65.0,2.79,62.0,0.1,533.8624114,138523285.0,22.2,22.6,0.445,5.3
Bangladesh,2015,Developing,71.8,129.0,92,,0.0,97.0,240,18.3,113,97.0,,97.0,0.1,121.15812,1612886.0,17.9,18.3,0.575,10.2
Bangladesh,2014,Developing,71.4,132.0,98,0.01,10.44640334,97.0,289,17.7,121,97.0,2.82,97.0,0.1,184.56543,15945279.0,18.1,18.6,0.57,10.0
Bangladesh,2013,Developing,71.0,135.0,104,0.01,52.82986467,96.0,237,17.0,130,96.0,2.88,96.0,0.1,951.8894535,157571292.0,18.3,18.8,0.565,10.0
Bangladesh,2012,Developing,77.0,137.0,111,0.01,59.2589257,94.0,1986,16.4,139,94.0,3.8,94.0,0.1,856.342857,15572753.0,18.5,19.0,0.557,9.9
Bangladesh,2011,Developing,73.0,14.0,118,0.01,62.34988484,96.0,5625,15.8,150,96.0,3.16,96.0,0.1,835.789341,153911916.0,18.7,19.2,0.545,9.4
Bangladesh,2010,Developing,69.9,142.0,126,0.01,62.65945432,94.0,788,15.2,161,94.0,3.6,94.0,0.1,757.6717572,15214912.0,18.9,19.4,0.535,8.9
Bangladesh,2009,Developing,69.5,144.0,135,0.01,53.26400378,97.0,718,14.6,173,97.0,2.91,97.0,0.1,681.125368,1545478.0,19.1,19.7,0.523,8.4
Bangladesh,2008,Developing,69.1,147.0,144,0.01,42.48865034,96.0,2660,14.0,186,96.0,2.85,96.0,0.1,615.7775411,14885814.0,19.3,19.9,0.52,8.6
Bangladesh,2007,Developing,68.6,151.0,154,0.01,46.36536703,95.0,2924,13.5,201,96.0,2.8,94.0,0.1,541.651484,147139191.0,19.5,2.1,0.513,8.6
Bangladesh,2006,Developing,68.2,152.0,164,0.01,42.3304549,86.0,6192,13.0,215,95.0,2.8,94.0,0.1,494.51466,1453684.0,19.7,2.3,0.506,8.4
Bangladesh,2005,Developing,67.8,155.0,174,0.01,38.05462002,45.0,25934,12.5,231,94.0,2.68,93.0,0.1,484.155471,14343111.0,19.9,2.5,0.499,8.2
Bangladesh,2004,Developing,67.3,158.0,185,0.01,4.11469667,11.0,9743,12.0,247,88.0,2.62,99.0,0.1,46.7579167,14137489.0,2.1,2.7,0.491,8.1
Bangladesh,2003,Developing,66.8,161.0,196,0.01,35.48458957,5.0,4067,11.6,264,9.0,2.51,87.0,0.1,432.7388972,139191.0,2.3,2.9,0.484,7.9
Bangladesh,2002,Developing,66.3,164.0,207,0.01,0.397228764,,3484,11.2,280,83.0,2.59,83.0,0.1,4.6135745,1366667.0,2.5,21.1,0.476,7.7
Bangladesh,2001,Developing,65.8,168.0,219,0.01,3.395069781,,4414,1.8,298,85.0,2.47,85.0,0.1,42.5981152,1341716.0,2.7,21.3,0.468,7.5
Bangladesh,2000,Developing,65.3,173.0,231,0.01,3.69633051,,5098,1.4,316,83.0,2.33,82.0,0.1,45.63371,131581243.0,2.9,21.5,0.459,7.3
Japan,2015,Developed,83.7,55.0,2,,0.0,,35,29.0,3,99.0,,96.0,0.1,34474.13736,127141.0,2.1,1.8,0.902,15.3
Japan,2014,Developed,83.5,57.0,2,0.01,88.83362243,,462,28.6,3,99.0,1.23,96.0,0.1,3896.21151,127276.0,2.0,1.7,0.899,15.3
Japan,2013,Developed,83.5,56.0,2,7.55,94.43428615,,229,28.2,3,99.0,1.25,96.0,0.1,4454.44746,127445.0,2.0,1.7,0.894,15.3
Japan,2012,Developed,83.3,58.0,2,7.39,121.5869163,,228,27.8,3,99.0,1.17,97.0,0.1,4863.47665,127629.0,1.9,1.7,0.889,15.3
Japan,2011,Developed,82.5,64.0,3,7.39,9498.729062,,434,27.4,4,96.0,1.7,97.0,0.1,48167.99727,127833.0,1.9,1.6,0.884,15.1
Japan,2010,Developed,83.0,62.0,3,6.9,863.0061491,,450,26.9,4,98.0,9.58,97.0,0.1,4457.67639,1287.0,1.9,1.6,0.879,15.1
Japan,2009,Developed,83.0,64.0,3,7.09,899.1785285,,741,26.4,4,99.0,9.51,97.0,0.1,4855.17564,12847.0,1.8,1.6,0.881,15.0
Japan,2008,Developed,82.7,66.0,3,7.11,7313.175418,,11015,25.9,4,98.0,8.6,98.0,0.1,39339.29757,12863.0,1.8,1.5,0.88,15.0
Japan,2007,Developed,82.6,67.0,3,7.29,6599.995239,,0,25.4,4,97.0,8.25,98.0,0.1,35275.22843,1281.0,1.8,1.5,0.877,15.0
Japan,2006,Developed,82.4,68.0,3,7.49,6502.136974,,520,24.9,4,95.0,8.19,98.0,0.1,35433.98896,127854.0,1.7,1.5,0.873,14.9
Japan,2005,Developed,82.0,69.0,3,7.99,6799.664423,,0,24.4,4,95.0,8.18,98.0,0.1,37217.64873,127773.0,1.7,1.5,0.87,14.9
Japan,2004,Developed,82.1,68.0,3,7.7,6746.281299,,8752,23.8,4,97.0,8.3,99.0,0.1,37688.72234,127761.0,1.7,1.4,0.866,14.8
Japan,2003,Developed,81.9,7.0,3,7.83,578.7254273,,8286,23.4,5,97.0,8.0,97.0,0.1,3488.3992,127718.0,1.7,1.4,0.863,14.8
Japan,2002,Developed,81.8,7.0,3,7.87,5250.249188,,33812,22.9,5,89.0,7.85,96.0,0.1,32289.3554,127445.0,1.7,1.4,0.86,14.7
Japan,2001,Developed,81.5,72.0,4,8.03,5486.51208,,22552,22.5,5,81.0,7.75,95.0,0.1,33846.46564,127149.0,1.7,1.4,0.856,14.6
Japan,2000,Developed,81.1,74.0,4,7.97,5926.296654,,22497,22.2,5,98.0,7.53,85.0,0.1,38532.488,126843.0,1.6,1.4,0.852,14.5
Philippines,2015,Developing,68.5,211.0,52,,0.0,6.0,619,25.4,66,79.0,,6.0,0.1,2878.33837,11716359.0,1.0,9.7,0.679,11.7
Philippines,2014,Developing,68.4,214.0,54,4.52,31.27232188,67.0,58848,24.8,68,77.0,4.71,67.0,0.1,2842.938353,112249.0,1.0,9.7,0.676,11.7
Philippines,2013,Developing,68.1,219.0,55,4.61,24.58973399,89.0,2920,24.3,69,84.0,4.56,89.0,0.1,276.289146,9848132.0,1.0,9.7,0.671,11.7
Philippines,2012,Developing,68.1,217.0,56,5.02,212.7418488,88.0,1536,23.7,71,88.0,4.46,88.0,0.1,2581.818554,96866642.0,1.0,9.7,0.666,11.6
Philippines,2011,Developing,68.0,218.0,57,4.96,191.4949779,87.0,6538,23.1,72,87.0,4.29,87.0,0.1,2352.518156,9527794.0,1.0,9.7,0.669,11.5
Philippines,2010,Developing,67.9,218.0,58,4.85,198.2563794,77.0,6368,22.6,74,78.0,4.37,79.0,0.1,2129.499242,93726624.0,1.0,9.7,0.662,11.4
Philippines,2009,Developing,68.0,219.0,59,4.42,159.5348489,85.0,1469,22.1,76,86.0,4.41,87.0,0.1,1825.341521,9222879.0,1.0,9.7,0.661,11.7
Philippines,2008,Developing,67.5,217.0,60,4.21,155.4767618,88.0,341,21.6,78,91.0,4.5,91.0,0.1,1919.466195,9751864.0,1.0,9.7,0.655,11.5
Philippines,2007,Developing,67.5,216.0,62,4.19,137.327474,87.0,530,21.1,80,87.0,3.94,87.0,0.1,1672.685433,8929349.0,1.0,9.7,0.648,11.4
Philippines,2006,Developing,67.3,219.0,63,4.08,121.3625467,77.0,9,2.6,82,88.0,3.95,88.0,0.1,1391.772325,8789419.0,1.0,9.7,0.646,11.5
Philippines,2005,Developing,67.0,223.0,65,4.22,105.7306982,49.0,118,2.1,84,9.0,3.91,89.0,0.1,1194.697155,86274237.0,1.0,9.7,0.642,11.6
Philippines,2004,Developing,67.3,218.0,66,4.45,13.39905105,48.0,3025,19.6,86,85.0,3.23,88.0,0.1,179.3715,84678493.0,1.0,9.7,0.636,11.6
Philippines,2003,Developing,67.2,217.0,67,4.44,0.901149288,52.0,10511,19.2,87,85.0,3.25,84.0,0.1,11.553196,8331954.0,1.0,9.7,0.631,11.6
Philippines,2002,Developing,66.8,221.0,68,4.42,0.09987219,42.0,7003,18.7,89,77.0,2.79,79.0,0.1,1.68135,813526.0,1.0,9.7,0.625,11.4
Philippines,2001,Developing,66.8,221.0,68,4.54,69.0204245,45.0,7360,18.3,89,76.0,3.0,79.0,0.1,957.287441,79665315.0,1.0,9.7,0.622,11.4
Philippines,2000,Developing,66.8,219.0,69,4.73,11.69704463,7.0,7120,17.8,90,74.0,3.21,78.0,0.1,138.91977,77991569.0,1.0,9.6,0.618,11.4
Viet Nam,2015,Developing,76.0,127.0,28,,0.0,97.0,256,17.5,35,97.0,,97.0,0.1,,,14.2,14.5,0.678,12.6
Viet Nam,2014,Developing,75.9,128.0,28,4.09,0.0,95.0,15033,16.7,35,96.0,7.7,95.0,0.1,,,14.3,14.7,0.675,12.5
Viet Nam,2013,Developing,75.7,129.0,28,4.0,0.0,59.0,1123,16.0,35,93.0,7.17,59.0,0.1,,,14.3,14.9,0.668,12.3
Viet Nam,2012,Developing,75.6,13.0,29,4.12,0.0,97.0,578,15.3,36,97.0,6.96,97.0,0.1,,,14.4,15.0,0.662,12.2
Viet Nam,2011,Developing,75.4,131.0,29,3.94,0.0,95.0,750,14.7,36,96.0,6.2,95.0,0.1,,,14.4,15.2,0.655,12.0
Viet Nam,2010,Developing,75.2,133.0,29,3.93,0.0,88.0,2809,14.0,35,94.0,6.36,93.0,0.1,,,14.5,15.4,0.647,11.9
Viet Nam,2009,Developing,75.0,134.0,29,3.86,0.0,94.0,6582,13.4,35,97.0,6.4,96.0,0.1,,,14.6,15.5,0.641,11.7
Viet Nam,2008,Developing,74.9,135.0,28,3.58,0.0,87.0,352,12.9,35,93.0,5.53,93.0,0.2,,,14.7,15.7,0.633,11.6
Viet Nam,2007,Developing,74.7,136.0,28,3.01,0.0,67.0,17,12.3,35,92.0,6.9,92.0,0.2,,,14.9,15.8,0.625,11.4
Viet Nam,2006,Developing,74.6,136.0,28,2.56,0.0,93.0,1978,11.8,35,94.0,5.56,94.0,0.2,,,15.1,15.9,0.618,11.3
Viet Nam,2005,Developing,74.4,136.0,29,2.7,0.0,94.0,410,11.3,36,94.0,5.38,95.0,0.2,,,15.3,16.0,0.609,11.1
Viet Nam,2004,Developing,74.2,136.0,29,2.86,0.0,94.0,217,1.9,36,96.0,5.9,96.0,0.2,,,15.4,16.1,0.601,11.0
Viet Nam,2003,Developing,74.0,137.0,30,2.19,0.0,78.0,2297,1.4,37,96.0,4.84,99.0,0.2,,,15.6,16.2,0.592,10.9
Viet Nam,2002,Developing,73.8,137.0,30,2.03,0.0,,6755,1.0,39,92.0,4.7,75.0,0.2,,,15.6,16.3,0.584,10.7
Viet Nam,2001,Developing,73.6,138.0,32,1.84,0.0,,12058,9.6,41,96.0,5.17,96.0,0.1,,,15.7,16.4,0.576,10.6
Viet Nam,2000,Developing,73.4,139.0,33,1.6,0.0,,16512,9.2,43,96.0,4.89,96.0,0.1,,,15.8,16.4,0.569,10.4
Turkey,2015,Developing,75.8,16.0,15,,0.0,97.0,342,66.1,18,97.0,,97.0,0.1,1979.52569,78271472.0,4.9,4.8,0.764,14.5
Turkey,2014,Developing,75.5,17.0,16,1.45,181.9083783,96.0,565,65.3,19,96.0,5.41,96.0,0.1,12127.22522,773628.0,4.9,4.7,0.759,14.5
Turkey,2013,Developing,75.2,19.0,17,1.41,188.1440348,97.0,7405,64.5,20,98.0,5.38,98.0,0.1,12542.93565,75787333.0,4.9,4.7,0.754,14.4
Turkey,2012,Developing,74.8,112.0,19,1.54,20.75120211,97.0,349,63.7,22,97.0,5.24,97.0,0.1,1172.3843,74569867.0,4.9,4.7,0.75,14.3
Turkey,2011,Developing,74.5,114.0,20,1.53,1275.877569,96.0,111,62.8,23,97.0,5.29,97.0,0.1,11341.13395,7349455.0,4.9,4.7,0.737,13.8
Turkey,2010,Developing,74.2,116.0,21,1.49,32.78235828,96.0,7,61.9,25,97.0,5.61,97.0,0.1,1672.5693,72326914.0,4.9,4.7,0.715,13.0
Turkey,2009,Developing,73.9,118.0,23,1.4,106.9482898,94.0,4,61.1,27,96.0,6.8,96.0,0.1,936.499911,71339185.0,4.9,4.8,0.709,12.5
Turkey,2008,Developing,73.5,121.0,25,1.39,22.67271848,92.0,0,6.2,29,96.0,6.7,96.0,0.1,185.68975,74432.0,5.0,4.8,0.705,12.5
Turkey,2007,Developing,73.2,124.0,26,1.26,115.5801103,96.0,3,59.3,31,96.0,6.4,96.0,0.1,979.49246,69597281.0,5.0,4.8,0.697,12.3
Turkey,2006,Developing,72.8,126.0,28,1.29,103.523776,82.0,34,58.5,34,9.0,5.81,9.0,0.1,834.869161,6876345.0,5.0,4.8,0.687,11.9
Turkey,2005,Developing,72.4,129.0,30,1.29,832.9552058,85.0,6200,57.6,36,9.0,5.45,9.0,0.1,7384.354661,679346.0,5.0,4.9,0.681,11.9
Turkey,2004,Developing,72.0,132.0,33,1.35,1.132766775,77.0,8927,56.8,39,85.0,5.37,85.0,0.1,64.72953,677855.0,5.1,4.9,0.675,12.0
Turkey,2003,Developing,71.6,135.0,35,1.42,459.1113061,68.0,5844,55.9,43,69.0,5.34,68.0,0.1,4718.51291,668583.0,5.1,5.0,0.668,11.9
Turkey,2002,Developing,71.2,138.0,38,1.47,35.55729,72.0,7823,55.1,46,78.0,5.36,78.0,0.1,366.57,6514354.0,5.2,5.0,0.658,11.5
Turkey,2001,Developing,78.0,14.0,41,1.49,256.4341746,77.0,30509,54.3,50,88.0,5.16,88.0,0.1,3119.63716,64191474.0,5.2,5.1,0.653,11.1
Turkey,2000,Developing,74.0,143.0,44,1.54,421.2956602,71.0,16244,53.5,54,85.0,4.95,85.0,0.1,4316.553895,6324121.0,5.3,5.2,0.641,10.7
Thailand,2015,Developing,74.9,148.0,8,,0.0,99.0,154,33.6,9,99.0,,99.0,0.1,5814.863134,686576.0,7.7,7.7,0.738,13.6
Thailand,2014,Developing,74.6,152.0,8,6.41,789.0772949,99.0,0,32.4,10,99.0,4.12,99.0,0.1,5941.8471,68416772.0,7.8,7.8,0.737,13.6
Thailand,2013,Developing,74.5,153.0,9,6.5,788.6873403,99.0,2641,31.3,10,99.0,4.0,99.0,0.1,6171.262444,6814365.0,7.9,7.9,0.733,13.6
Thailand,2012,Developing,74.3,154.0,9,6.56,801.0504655,98.0,5197,3.1,11,99.0,4.17,99.0,0.1,5859.915622,67843979.0,8.0,8.1,0.729,13.7
Thailand,2011,Developing,74.1,155.0,10,6.07,748.4451054,98.0,3156,29.0,11,99.0,4.12,99.0,0.2,5491.159981,675313.0,8.1,8.2,0.72,13.3
Thailand,2010,Developing,73.9,158.0,10,5.95,71.6850913,98.0,2583,27.9,12,99.0,3.81,99.0,0.2,575.32176,672888.0,8.2,8.3,0.711,13.1
Thailand,2009,Developing,73.7,16.0,11,5.88,547.2101411,98.0,6071,26.8,12,99.0,4.11,99.0,0.3,4212.5492,66881867.0,8.3,8.5,0.706,13.0
Thailand,2008,Developing,73.5,162.0,11,5.92,609.9511632,98.0,7790,25.7,13,99.0,3.92,99.0,0.3,4378.68746,6654576.0,8.5,8.6,0.7,12.9
Thailand,2007,Developing,73.3,165.0,12,6.2,520.7639087,96.0,3893,24.6,14,98.0,3.56,98.0,0.4,3972.26475,66195615.0,8.6,8.8,0.687,12.3
Thailand,2006,Developing,73.0,168.0,13,6.18,433.9210918,96.0,3588,23.6,15,98.0,3.49,98.0,0.5,3368.952576,65824164.0,8.7,8.9,0.686,12.4
Thailand,2005,Developing,72.5,177.0,13,6.26,321.1953005,96.0,3526,22.6,15,98.0,3.55,98.0,0.5,2893.651356,6542547.0,8.9,9.1,0.682,12.0
Thailand,2004,Developing,71.6,189.0,14,6.17,301.3597791,96.0,4165,21.7,16,98.0,3.51,98.0,0.5,2659.83918,652231.0,9.0,9.2,0.674,11.9
Thailand,2003,Developing,71.7,189.0,15,6.14,282.8364612,96.0,4519,2.9,18,98.0,3.58,98.0,0.6,2358.93629,64554952.0,9.1,9.3,0.666,11.8
Thailand,2002,Developing,71.4,192.0,16,5.93,27.63810304,95.0,10315,2.2,19,97.0,3.7,96.0,0.7,296.54617,6473164.0,9.2,9.5,0.657,11.5
Thailand,2001,Developing,71.2,194.0,17,5.92,176.0625201,95.0,7319,19.4,20,97.0,3.32,96.0,0.8,1893.145377,63543322.0,9.3,9.6,0.649,11.2
Thailand,2000,Developing,71.1,194.0,18,5.88,0.27564826,95.0,4074,18.7,21,97.0,3.4,97.0,0.8,27.564826,6295821.0,9.4,9.7,0.64,10.9
Myanmar,2015,Developing,66.6,199.0,39,,0.0,89.0,6,23.8,50,89.0,,89.0,0.3,1194.59137,5243669.0,12.8,13.0,0.552,9.1
Myanmar,2014,Developing,66.4,21.0,40,0.01,45.33788677,88.0,122,22.9,52,88.0,2.28,88.0,0.3,1262.893782,51924182.0,12.9,13.1,0.547,9.1
Myanmar,2013,Developing,66.2,22.0,42,0.7,38.33793462,75.0,1010,22.1,55,76.0,2.16,75.0,0.4,1168.83947,51448196.0,12.9,13.2,0.54,9.1
Myanmar,2012,Developing,65.9,25.0,44,0.55,38.4279083,58.0,2175,21.3,58,87.0,2.22,84.0,0.5,1171.58257,5986514.0,13.0,13.2,0.533,9.1
Myanmar,2011,Developing,65.6,27.0,47,0.33,21.23698847,4.0,2046,2.5,61,9.0,1.87,84.0,0.5,1186.423937,555331.0,13.0,13.3,0.526,9.1
Myanmar,2010,Developing,65.4,29.0,49,0.3,17.48293752,92.0,190,19.8,65,9.0,1.92,9.0,0.5,987.7365832,5155896.0,13.1,13.3,0.515,8.8
Myanmar,2009,Developing,65.2,211.0,52,0.28,11.05247903,91.0,329,19.1,69,9.0,2.5,9.0,0.6,741.777116,49869.0,13.1,13.4,0.504,8.5
Myanmar,2008,Developing,59.2,296.0,59,0.3,9.53048032,85.0,333,18.3,96,85.0,1.87,85.0,0.6,643.951373,49479752.0,13.2,13.4,0.493,8.2
Myanmar,2007,Developing,64.5,217.0,58,0.26,0.5305728,85.0,1088,17.6,78,84.0,1.68,86.0,0.6,41.451,49171586.0,13.2,13.5,0.484,8.1
Myanmar,2006,Developing,64.2,22.0,61,0.28,4.632776304,75.0,760,17.0,83,82.0,1.78,82.0,0.6,296.97284,48846474.0,13.2,13.5,0.474,8.0
Myanmar,2005,Developing,63.9,224.0,64,0.28,2.793843188,62.0,314,16.4,87,86.0,1.83,73.0,0.5,247.24276,48482614.0,13.2,13.6,0.465,7.9
Myanmar,2004,Developing,63.5,228.0,66,0.44,4.15451614,39.0,1329,15.7,90,92.0,1.97,82.0,0.5,219.8156688,487377.0,13.3,13.6,0.455,7.8
Myanmar,2003,Developing,63.2,231.0,69,0.4,3.824212472,8.0,830,15.2,93,86.0,1.97,78.0,0.5,219.782326,47624894.0,13.3,13.6,0.445,7.7
Myanmar,2002,Developing,62.8,235.0,71,0.41,3.421880938,,736,14.6,96,84.0,2.5,79.0,0.4,143.77651,471422.0,13.3,13.7,0.435,7.6
Myanmar,2001,Developing,62.5,239.0,72,0.38,1.917164,,2519,14.1,98,77.0,1.8,73.0,0.4,138.9249275,46627994.0,13.3,13.7,0.427,7.6
Myanmar,2000,Developing,62.1,243.0,73,0.35,2.511437292,,845,13.6,100,88.0,1.84,82.0,0.4,193.187484,4695462.0,13.3,13.7,0.417,7.5
Lao People's Democratic Republic,2015,Developing,65.7,194.0,8,,0.0,89.0,56,21.7,11,89.0,,89.0,0.2,,,8.8,8.9,0.582,10.8
Lao People's Democratic Republic,2014,Developing,65.3,199.0,8,0.01,0.0,88.0,339,2.9,11,88.0,1.87,88.0,0.2,,,8.9,9.0,0.573,10.6
Lao People's Democratic Republic,2013,Developing,64.9,23.0,9,0.01,0.0,87.0,71,2.1,12,86.0,2.0,87.0,0.3,,,9.0,9.1,0.563,10.4
Lao People's Democratic Republic,2012,Developing,64.4,28.0,9,0.01,0.0,79.0,32,19.4,12,78.0,2.12,79.0,0.3,,,9.1,9.2,0.554,10.2
Lao People's Democratic Republic,2011,Developing,64.0,213.0,9,5.39,0.0,78.0,113,18.7,13,79.0,2.2,78.0,0.3,,,9.2,9.4,0.542,9.9
Lao People's Democratic Republic,2010,Developing,63.6,218.0,10,5.95,0.0,74.0,153,18.0,13,76.0,2.75,74.0,0.3,,,9.3,9.5,0.535,9.6
Lao People's Democratic Republic,2009,Developing,63.1,223.0,10,5.18,0.0,67.0,78,17.3,14,67.0,3.77,67.0,0.2,,,9.4,9.6,0.525,9.4
Lao People's Democratic Republic,2008,Developing,62.6,228.0,10,5.1,0.0,61.0,174,16.7,14,6.0,2.77,61.0,0.2,,,9.6,9.7,0.518,9.2
Lao People's Democratic Republic,2007,Developing,62.1,234.0,11,5.0,0.0,5.0,1678,16.1,15,46.0,4.14,5.0,0.2,,,9.7,9.8,0.509,9.0
Lao People's Democratic Republic,2006,Developing,61.5,24.0,11,3.69,0.0,57.0,58,15.5,15,56.0,4.14,57.0,0.2,,,9.9,9.9,0.503,9.0
Lao People's Democratic Republic,2005,Developing,61.0,246.0,11,3.68,0.0,49.0,295,14.9,16,5.0,4.32,49.0,0.2,,,1.0,1.1,0.494,8.7
Lao People's Democratic Republic,2004,Developing,64.0,252.0,12,3.53,0.0,45.0,1491,14.4,16,46.0,4.54,45.0,0.2,,,1.1,1.2,0.485,8.6
Lao People's Democratic Republic,2003,Developing,59.8,259.0,12,3.41,0.0,5.0,1810,13.8,17,52.0,4.91,49.0,0.1,,,1.2,1.3,0.477,8.3
Lao People's Democratic Republic,2002,Developing,59.3,265.0,13,3.33,0.0,,2070,13.3,18,55.0,4.4,53.0,0.1,,,1.3,1.4,0.468,8.0
Lao People's Democratic Republic,2001,Developing,58.7,271.0,13,3.13,0.0,,94,12.7,19,55.0,4.32,52.0,0.1,,,1.4,1.5,0.463,8.0
Lao People's Democratic Republic,2000,Developing,58.1,278.0,14,5.16,0.0,,332,12.3,20,57.0,3.41,51.0,0.1,,,1.5,1.5,0.459,8.0
Iran (Islamic Republic of),2015,Developing,75.5,83.0,18,,0.0,98.0,615,59.7,21,98.0,,98.0,0.1,,,8.5,8.6,0.774,14.8
Iran (Islamic Republic of),2014,Developing,75.4,83.0,19,0.01,0.0,99.0,99,58.5,22,99.0,6.89,99.0,0.1,,,8.3,8.4,0.77,14.9
Iran (Islamic Republic of),2013,Developing,75.3,83.0,20,0.01,0.0,99.0,189,57.2,23,98.0,6.49,98.0,0.1,,,8.2,8.3,0.769,15.0
Iran (Islamic Republic of),2012,Developing,75.1,85.0,21,0.01,0.0,98.0,332,56.0,24,99.0,6.98,99.0,0.1,,,8.0,8.2,0.755,13.6
Iran (Islamic Republic of),2011,Developing,74.7,93.0,22,0.03,0.0,99.0,73,54.8,25,99.0,7.12,99.0,0.1,,,7.9,8.1,0.745,13.1
Iran (Islamic Republic of),2010,Developing,74.1,16.0,22,0.03,0.0,99.0,538,53.6,26,99.0,8.2,99.0,0.1,,,7.8,8.0,0.735,12.9
Iran (Islamic Republic of),2009,Developing,73.3,122.0,23,0.03,0.0,99.0,262,52.5,27,99.0,7.63,99.0,0.1,,,7.7,7.9,0.728,12.8
Iran (Islamic Republic of),2008,Developing,72.7,135.0,24,0.02,0.0,99.0,127,51.4,28,99.0,6.28,99.0,0.1,,,7.6,7.8,0.716,12.1
Iran (Islamic Republic of),2007,Developing,72.4,138.0,25,0.02,0.0,97.0,133,5.4,29,98.0,5.84,99.0,0.1,,,7.5,7.8,0.704,11.8
Iran (Islamic Republic of),2006,Developing,72.2,139.0,26,0.02,0.0,98.0,220,49.4,30,99.0,5.95,98.0,0.1,,,7.4,7.7,0.692,11.4
Iran (Islamic Republic of),2005,Developing,72.0,139.0,27,0.01,0.0,94.0,7,48.5,32,95.0,6.6,95.0,0.1,,,7.4,7.7,0.687,11.4
Iran (Islamic Republic of),2004,Developing,71.8,139.0,28,0.01,0.0,95.0,3,47.6,33,98.0,5.89,99.0,0.1,,,7.4,7.7,0.686,11.8
Iran (Islamic Republic of),2003,Developing,75.0,154.0,29,0.01,0.0,98.0,11644,46.9,35,99.0,5.42,99.0,0.1,,,7.5,7.7,0.679,11.8
Iran (Islamic Republic of),2002,Developing,71.2,142.0,31,0.01,0.0,99.0,9554,46.2,37,99.0,5.39,99.0,0.1,,,7.6,7.7,0.674,11.9
Iran (Islamic Republic of),2001,Developing,78.0,146.0,33,0.01,0.0,94.0,9582,45.5,40,95.0,5.2,96.0,0.1,,,7.7,7.8,0.666,11.6
Iran (Islamic Republic of),2000,Developing,73.0,15.0,35,0.01,0.0,99.0,11874,44.9,43,99.0,4.47,99.0,0.1,,,7.8,7.9,0.66,11.6
Brunei Darussalam,2015,Developing,77.7,78.0,0,,0.0,99.0,4,41.2,0,99.0,,99.0,0.1,3967.8951,,5.7,5.1,0.864,14.9
Brunei Darussalam,2014,Developing,77.6,8.0,0,0.01,269.1432784,99.0,1,4.2,0,99.0,2.65,99.0,0.1,4159.8652,,5.7,5.2,0.863,15.0
Brunei Darussalam,2013,Developing,77.1,84.0,0,0.01,2845.306444,98.0,0,39.2,0,99.0,2.61,99.0,0.1,44597.27968,,5.8,5.2,0.86,14.9
Brunei Darussalam,2012,Developing,78.3,79.0,0,0.01,3192.634413,99.0,1,38.2,0,99.0,2.3,99.0,0.1,47651.2599,,5.8,5.3,0.852,14.4
Brunei Darussalam,2011,Developing,77.4,79.0,0,0.97,295.7730171,93.0,4,37.2,0,99.0,2.25,97.0,0.1,4717.273,,5.9,5.4,0.846,14.1
Brunei Darussalam,2010,Developing,76.9,79.0,0,0.88,2218.364226,96.0,0,36.2,0,99.0,2.73,95.0,0.1,35268.1117,,5.9,5.4,0.845,14.2
Brunei Darussalam,2009,Developing,76.8,88.0,0,0.25,1873.686852,96.0,2,35.2,0,99.0,2.85,99.0,0.1,27965.4754,,6.0,5.5,0.841,14.1
Brunei Darussalam,2008,Developing,77.2,84.0,0,0.67,2538.941033,96.0,3,34.2,0,97.0,2.23,98.0,0.1,37951.286,,6.1,5.6,0.84,14.2
Brunei Darussalam,2007,Developing,76.0,1.0,0,0.85,2048.557422,97.0,0,33.2,0,95.0,2.32,99.0,0.1,32672.36717,,6.2,5.7,0.84,14.3
Brunei Darussalam,2006,Developing,76.3,93.0,0,0.67,24.97532919,99.0,0,32.2,0,94.0,2.24,97.0,0.1,398.96692,,6.3,5.8,0.837,14.3
Brunei Darussalam,2005,Developing,76.2,92.0,0,0.16,179.7147814,99.0,9,31.2,0,93.0,2.62,94.0,0.1,2612.13345,,6.4,5.9,0.834,14.1
Brunei Darussalam,2004,Developing,76.4,89.0,0,0.11,1504.30004,99.0,16,3.1,0,92.0,3.1,92.0,0.1,21896.6527,,6.5,6.0,0.828,13.7
Brunei Darussalam,2003,Developing,76.0,89.0,0,0.12,1406.51194,99.0,24,29.1,0,99.0,3.9,92.0,0.1,18555.56649,,6.6,6.1,0.823,13.4
Brunei Darussalam,2002,Developing,74.8,95.0,0,0.13,941.7036868,99.0,0,28.0,0,99.0,3.4,94.0,0.1,16846.2198,,6.7,6.1,0.82,13.3
Brunei Darussalam,2001,Developing,74.7,19.0,0,0.47,1078.66244,99.0,11,27.0,0,99.0,3.6,97.0,0.1,16468.12886,,6.8,6.2,0.819,13.4
Brunei Darussalam,2000,Developing,74.4,16.0,0,0.37,11.79686108,99.0,42,26.1,0,99.0,3.5,99.0,0.1,188.44826,,6.8,6.3,0.818,13.4
Timor-Leste,2015,Developing,68.3,152.0,2,,0.0,76.0,43,17.4,2,75.0,,76.0,0.1,1161.76935,124977.0,1.9,11.1,0.603,12.5
Timor-Leste,2014,Developing,68.0,155.0,2,0.01,28.14578503,77.0,47,17.0,2,76.0,1.48,77.0,0.1,1153.51578,1212814.0,1.9,11.1,0.612,12.5
Timor-Leste,2013,Developing,67.7,158.0,2,0.01,3.379874844,82.0,4,16.6,2,82.0,1.29,82.0,0.1,117.765674,1184366.0,11.1,11.2,0.62,12.5
Timor-Leste,2012,Developing,67.4,159.0,2,0.01,30.17998548,83.0,16,16.2,2,83.0,1.1,83.0,0.1,1117.77724,115676.0,11.2,11.3,0.618,12.5
Timor-Leste,2011,Developing,67.2,161.0,2,0.5,2.726570602,67.0,763,15.8,3,66.0,0.76,67.0,0.1,114.56179,1131523.0,11.3,11.4,0.607,12.5
Timor-Leste,2010,Developing,66.9,163.0,2,0.1,38.58376645,72.0,50,15.5,3,72.0,0.92,72.0,0.1,849.8626972,119591.0,11.5,11.5,0.599,12.4
Timor-Leste,2009,Developing,66.6,165.0,2,0.09,36.199487,72.0,10,15.1,3,78.0,1.2,72.0,0.1,757.3114436,19221.0,11.6,11.6,0.599,12.1
Timor-Leste,2008,Developing,66.2,168.0,2,0.06,36.69198927,79.0,0,14.7,3,79.0,0.74,79.0,0.1,643.71911,17811.0,11.7,11.7,0.566,11.7
Timor-Leste,2007,Developing,65.8,173.0,2,0.05,11.75766897,,0,14.2,3,7.0,0.37,7.0,0.1,524.8959363,164973.0,11.8,11.8,0.541,11.3
Timor-Leste,2006,Developing,64.9,186.0,2,0.04,28.12560496,,90,13.9,3,62.0,0.65,63.0,0.1,441.53226,148621.0,11.9,11.9,0.511,11.0
Timor-Leste,2005,Developing,63.7,26.0,3,0.36,7.127144699,,203,13.5,3,55.0,1.5,55.0,0.1,478.331859,126484.0,12.0,11.9,0.492,10.6
Timor-Leste,2004,Developing,62.3,229.0,3,0.38,8.415788935,,41,13.2,3,57.0,1.31,57.0,0.1,467.5438297,996698.0,12.0,12.0,0.484,10.2
Timor-Leste,2003,Developing,61.0,25.0,3,0.44,46.3913277,,94,12.9,4,55.0,2.48,55.0,0.1,471.4565823,96852.0,12.1,12.1,0.485,9.8
Timor-Leste,2002,Developing,62.0,261.0,3,0.48,5.649123424,,0,12.6,4,38.0,3.89,54.0,0.1,48.61552,923825.0,12.1,12.1,0.475,9.8
Timor-Leste,2001,Developing,59.4,269.0,3,0.5,6.556583478,,0,12.3,4,,3.75,,0.1,56.4249869,892531.0,12.1,12.2,0.47,9.8
Timor-Leste,2000,Developing,58.7,276.0,3,0.5,49.06967155,,0,11.9,4,,3.26,,0.1,422.28633,87167.0,12.2,12.2,0.0,0.0
Bahrain,2015,Developing,76.9,69.0,0,,0.0,98.0,0,63.6,0,98.0,,98.0,0.1,22688.87824,,6.2,6.1,0.823,14.5
Bahrain,2014,Developing,76.8,7.0,0,1.57,367.2556742,98.0,46,62.9,0,98.0,4.98,98.0,0.1,24983.3792,,6.1,6.0,0.82,14.5
Bahrain,2013,Developing,76.7,7.0,0,1.65,3.968695982,99.0,0,62.2,0,99.0,4.69,99.0,0.1,251.18329,,6.1,6.0,0.815,14.5
Bahrain,2012,Developing,76.5,71.0,0,1.7,2211.215778,99.0,0,61.5,0,99.0,4.37,99.0,0.1,23649.36661,,6.1,6.0,0.812,14.5
Bahrain,2011,Developing,76.1,76.0,0,1.66,197.7734681,99.0,0,6.8,0,99.0,3.4,99.0,0.1,2281.1242,,6.1,6.0,0.812,14.4
Bahrain,2010,Developing,76.1,73.0,0,1.93,266.7696122,99.0,0,6.1,0,99.0,3.64,99.0,0.1,2722.1389,,6.0,5.9,0.81,14.4
Bahrain,2009,Developing,76.0,74.0,0,1.95,332.9347646,98.0,3,59.3,0,97.0,3.79,98.0,0.1,19356.67236,,6.0,5.9,0.814,14.4
Bahrain,2008,Developing,75.8,76.0,0,2.0,231.5478912,97.0,2,58.5,0,97.0,3.17,97.0,0.1,2367.56535,,6.0,5.9,0.815,14.4
Bahrain,2007,Developing,75.6,77.0,0,2.0,278.3602806,97.0,7,57.6,0,97.0,3.8,97.0,0.1,2977.1153,,6.1,5.9,0.813,14.4
Bahrain,2006,Developing,75.5,79.0,0,2.1,170.7374027,98.0,3,56.8,0,98.0,3.8,98.0,0.1,1937.99549,,6.1,5.9,0.81,14.2
Bahrain,2005,Developing,75.3,81.0,0,2.05,1553.468944,98.0,4,56.1,0,98.0,3.16,98.0,0.1,17959.17854,,6.1,5.9,0.806,14.0
Bahrain,2004,Developing,75.2,83.0,0,2.16,1380.228095,98.0,11,55.6,0,98.0,3.37,98.0,0.1,15846.47641,,6.1,5.9,0.803,13.9
Bahrain,2003,Developing,75.0,85.0,0,2.16,1214.558167,98.0,12,55.2,0,97.0,3.74,97.0,0.1,14221.99259,,6.1,5.9,0.798,13.7
Bahrain,2002,Developing,74.9,87.0,0,1.99,106.4303336,98.0,8,55.0,0,98.0,3.89,98.0,0.1,1312.33457,,6.2,5.9,0.796,13.5
Bahrain,2001,Developing,74.7,9.0,0,1.95,1150.418063,99.0,5,54.8,0,99.0,3.8,99.0,0.1,12868.211,,6.2,6.0,0.794,13.3
Bahrain,2000,Developing,74.5,92.0,0,2.15,167.7270642,97.0,6,54.5,0,97.0,3.51,97.0,0.1,13636.34668,,6.2,6.0,0.786,13.2
Qatar,2015,Developing,78.2,68.0,0,,0.0,99.0,18,69.3,0,99.0,,99.0,0.1,66346.52267,,5.2,4.9,0.855,13.4
Qatar,2014,Developing,78.1,69.0,0,1.15,5063.513104,89.0,46,68.4,0,99.0,2.19,89.0,0.1,86852.7119,,5.2,4.8,0.854,13.4
Qatar,2013,Developing,77.9,7.0,0,1.2,515.0734795,97.0,73,67.7,0,99.0,2.15,97.0,0.1,8834.87958,,5.1,4.7,0.843,13.4
Qatar,2012,Developing,77.8,72.0,0,1.13,5163.32918,93.0,160,67.0,0,93.0,2.16,92.0,0.1,88564.82298,,5.1,4.7,0.837,13.4
Qatar,2011,Developing,77.5,74.0,0,1.16,4409.17067,93.0,101,66.5,0,92.0,1.93,93.0,0.1,85948.746,,5.1,4.6,0.827,12.4
Qatar,2010,Developing,77.3,76.0,0,1.16,37.76848819,97.0,295,66.0,0,98.0,2.9,97.0,0.1,736.22784,,5.0,4.6,0.825,12.0
Qatar,2009,Developing,77.0,79.0,0,1.11,3688.694288,99.0,112,65.6,0,98.0,2.63,99.0,0.1,61478.23813,,5.0,4.6,0.828,11.8
Qatar,2008,Developing,76.8,82.0,0,1.37,5484.143308,97.0,0,65.2,0,98.0,1.87,97.0,0.1,82967.37228,,5.0,4.5,0.825,11.7
Qatar,2007,Developing,76.7,83.0,0,1.24,44.18506273,94.0,361,65.1,0,97.0,2.31,94.0,0.1,675.61258,,4.9,4.5,0.83,12.6
Qatar,2006,Developing,76.6,83.0,0,1.28,448.5952989,96.0,144,65.0,0,95.0,2.58,96.0,0.1,6256.55926,,4.9,4.5,0.835,13.7
Qatar,2005,Developing,76.6,84.0,0,1.18,4582.476081,97.0,74,65.1,0,98.0,3.1,97.0,0.1,51488.49529,,4.8,4.5,0.83,13.7
Qatar,2004,Developing,76.6,84.0,0,1.11,4064.743869,97.0,29,65.0,0,95.0,3.61,96.0,0.1,41818.35256,,4.8,4.5,0.826,13.5
Qatar,2003,Developing,76.5,85.0,0,1.0,4049.972347,93.0,24,64.7,0,93.0,4.14,92.0,0.1,34176.98183,,4.8,4.5,0.815,12.8
Qatar,2002,Developing,76.4,85.0,0,0.87,188.6782945,98.0,34,64.1,0,96.0,2.71,96.0,0.1,2999.65492,,4.8,4.5,0.807,12.2
Qatar,2001,Developing,76.3,87.0,0,0.76,170.0494537,93.0,23,63.3,0,93.0,2.56,93.0,0.1,2843.63635,,4.8,4.5,0.809,12.6
Qatar,2000,Developing,76.2,88.0,0,0.5,1559.287158,89.0,46,62.4,0,91.0,2.18,8.0,0.1,29986.2915,,4.8,4.5,0.808,13.0
Malaysia,2015,Developing,75.0,123.0,4,,0.0,99.0,1318,4.6,4,99.0,,99.0,0.1,9643.644683,3723155.0,7.5,7.3,0.787,13.1
Malaysia,2014,Developing,74.8,126.0,4,0.52,721.3655432,96.0,221,39.5,4,97.0,4.17,97.0,0.1,11183.96191,322817.0,7.6,7.4,0.783,13.0
Malaysia,2013,Developing,74.6,128.0,3,0.53,110.6779711,96.0,195,38.5,4,97.0,4.2,97.0,0.1,1882.27842,2976724.0,7.8,7.6,0.779,12.9
Malaysia,2012,Developing,74.5,129.0,3,0.53,101.609245,97.0,1868,37.4,4,97.0,4.1,97.0,0.1,1779.49641,2917456.0,7.9,7.7,0.776,12.9
Malaysia,2011,Developing,74.3,13.0,3,0.51,9.23002632,96.0,1569,36.3,4,96.0,3.89,96.0,0.1,145.1262,28635128.0,8.0,7.8,0.774,13.0
Malaysia,2010,Developing,74.1,131.0,3,0.49,65.56659662,96.0,73,35.3,4,96.0,3.99,96.0,0.1,971.356987,28112289.0,8.2,8.0,0.764,12.8
Malaysia,2009,Developing,74.0,131.0,3,0.47,431.5452472,96.0,153,34.4,4,97.0,3.97,97.0,0.1,7326.744435,2765383.0,8.3,8.2,0.756,12.6
Malaysia,2008,Developing,73.8,132.0,3,0.47,438.4519214,97.0,334,33.4,4,97.0,3.47,97.0,0.1,8513.629541,2711169.0,8.5,8.3,0.747,12.5
Malaysia,2007,Developing,73.7,133.0,3,0.43,409.9812523,96.0,394,32.5,4,97.0,3.61,97.0,0.1,7269.17114,26625845.0,8.7,8.5,0.736,12.3
Malaysia,2006,Developing,73.6,134.0,3,0.42,365.9113978,95.0,564,31.6,4,95.0,3.65,95.0,0.1,6222.982955,26143566.0,8.8,8.6,0.732,12.7
Malaysia,2005,Developing,73.4,135.0,3,0.46,297.5913833,96.0,1407,3.7,4,96.0,3.29,96.0,0.1,5593.822995,25659393.0,9.0,8.8,0.734,12.9
Malaysia,2004,Developing,73.2,137.0,3,0.49,315.6639322,94.0,5729,29.8,4,95.0,3.74,95.0,0.1,4955.477743,2517419.0,9.2,8.9,0.731,12.7
Malaysia,2003,Developing,73.1,138.0,3,0.48,264.2496129,95.0,632,28.8,4,96.0,3.95,96.0,0.1,4463.675893,2468873.0,9.3,9.1,0.724,12.1
Malaysia,2002,Developing,72.9,14.0,4,0.49,216.7029481,95.0,408,27.9,4,94.0,3.4,94.0,0.1,4167.364387,24198811.0,9.5,9.3,0.723,12.0
Malaysia,2001,Developing,72.7,144.0,4,0.53,210.2417002,95.0,2198,27.0,5,95.0,3.4,96.0,0.1,3915.11546,2369897.0,9.7,9.4,0.725,11.9
Malaysia,2000,Developing,72.4,149.0,4,0.54,23.37167228,97.0,6187,26.0,5,98.0,3.4,98.0,0.1,445.17471,2318568.0,9.8,9.6,0.715,11.6
Singapore,2015,Developed,83.1,55.0,0,1.79,0.0,96.0,0,33.2,0,96.0,,96.0,0.1,53629.73746,,2.2,2.2,0.924,15.4
Singapore,2014,Developed,82.9,56.0,0,1.83,7971.646361,96.0,0,32.9,0,96.0,4.92,96.0,0.1,56336.7234,,2.2,2.2,0.922,15.4
Singapore,2013,Developed,82.7,57.0,0,1.83,714.3441019,97.0,138,32.7,0,97.0,4.53,97.0,0.1,5629.18914,,2.2,2.2,0.92,15.4
Singapore,2012,Developed,82.5,59.0,0,1.89,6041.858981,97.0,42,32.4,0,97.0,4.22,97.0,0.1,54431.16199,,2.2,2.1,0.917,15.4
Singapore,2011,Developed,82.2,6.0,0,1.8,638.0001097,96.0,148,32.1,0,96.0,3.93,96.0,0.1,53166.67581,,2.1,2.1,0.911,15.2
Singapore,2010,Developed,82.0,61.0,0,1.84,4540.543752,96.0,50,31.8,0,96.0,3.96,96.0,0.1,46569.67951,,2.1,2.1,0.889,14.5
Singapore,2009,Developed,81.7,62.0,0,1.73,462.9306986,96.0,16,31.5,0,97.0,4.27,97.0,0.1,38577.55822,,2.1,2.1,0.887,14.4
Singapore,2008,Developed,81.4,64.0,0,1.7,3404.13099,97.0,18,31.2,0,97.0,3.91,97.0,0.1,39721.4818,,2.1,2.1,0.88,14.2
Singapore,2007,Developed,81.1,65.0,0,1.6,3082.973535,96.0,15,3.9,0,97.0,3.46,97.0,0.1,39223.58187,,2.1,2.0,0.873,14.1
Singapore,2006,Developed,87.0,66.0,0,1.55,2639.376955,95.0,23,3.5,0,95.0,3.66,95.0,0.1,33579.85948,,2.1,2.0,0.839,13.9
Singapore,2005,Developed,82.0,69.0,0,1.49,2356.731479,96.0,33,3.2,0,96.0,3.74,96.0,0.1,29869.85398,,2.1,2.0,0.821,12.6
Singapore,2004,Developed,79.7,71.0,0,1.45,204.2481892,94.0,96,29.9,0,95.0,3.17,95.0,0.1,2745.27136,,2.1,2.0,0.82,12.7
Singapore,2003,Developed,79.3,73.0,0,1.43,2263.068326,95.0,33,29.6,0,96.0,3.63,96.0,0.1,23573.6284,,2.1,2.0,0.819,12.7
Singapore,2002,Developed,79.0,74.0,0,2.16,142.0989818,95.0,211,29.2,0,94.0,2.84,94.0,0.1,2216.83279,,2.1,2.0,0.818,12.6
Singapore,2001,Developed,78.7,76.0,0,2.08,1003.366877,95.0,408,28.9,0,95.0,2.37,96.0,0.1,21577.7823,,2.1,2.0,0.82,12.7
Singapore,2000,Developed,78.3,78.0,0,2.03,1855.828806,97.0,141,28.5,0,98.0,2.71,98.0,0.1,23792.677,,2.1,2.0,0.81,12.5
Afghanistan,2015,Developing,65.0,263.0,62,0.01,71.27962362,65.0,1154,19.1,83,6.0,8.16,65.0,0.1,584.25921,33736494.0,17.2,17.3,0.479,10.1
Afghanistan,2014,Developing,59.9,271.0,64,0.01,73.52358168,62.0,492,18.6,86,58.0,8.18,62.0,0.1,612.696514,327582.0,17.5,17.5,0.476,10.0
Afghanistan,2013,Developing,59.9,268.0,66,0.01,73.21924272,64.0,430,18.1,89,62.0,8.13,64.0,0.1,631.744976,31731688.0,17.7,17.7,0.47,9.9
Afghanistan,2012,Developing,59.5,272.0,69,0.01,78.1842153,67.0,2787,17.6,93,67.0,8.52,67.0,0.1,669.959,3696958.0,17.9,18.0,0.463,9.8
Afghanistan,2011,Developing,59.2,275.0,71,0.01,7.097108703,68.0,3013,17.2,97,68.0,7.87,68.0,0.1,63.537231,2978599.0,18.2,18.2,0.454,9.5
Afghanistan,2010,Developing,58.8,279.0,74,0.01,79.67936736,66.0,1989,16.7,102,66.0,9.2,66.0,0.1,553.32894,2883167.0,18.4,18.4,0.448,9.2
Afghanistan,2009,Developing,58.6,281.0,77,0.01,56.76221682,63.0,2861,16.2,106,63.0,9.42,63.0,0.1,445.8932979,284331.0,18.6,18.7,0.434,8.9
Afghanistan,2008,Developing,58.1,287.0,80,0.03,25.87392536,64.0,1599,15.7,110,64.0,8.33,64.0,0.1,373.3611163,2729431.0,18.8,18.9,0.433,8.7
Afghanistan,2007,Developing,57.5,295.0,82,0.02,10.91015598,63.0,1141,15.2,113,63.0,6.73,63.0,0.1,369.835796,26616792.0,19.0,19.1,0.415,8.4
Afghanistan,2006,Developing,57.3,295.0,84,0.03,17.17151751,64.0,1990,14.7,116,58.0,7.43,58.0,0.1,272.56377,2589345.0,19.2,19.3,0.405,8.1
Afghanistan,2005,Developing,57.3,291.0,85,0.02,1.388647732,66.0,1296,14.2,118,58.0,8.7,58.0,0.1,25.2941299,257798.0,19.3,19.5,0.396,7.9
Afghanistan,2004,Developing,57.0,293.0,87,0.02,15.29606643,67.0,466,13.8,120,5.0,8.79,5.0,0.1,219.1413528,24118979.0,19.5,19.7,0.381,6.8
Afghanistan,2003,Developing,56.7,295.0,87,0.01,11.08905273,65.0,798,13.4,122,41.0,8.82,41.0,0.1,198.7285436,2364851.0,19.7,19.9,0.373,6.5
Afghanistan,2002,Developing,56.2,3.0,88,0.01,16.88735091,64.0,2486,13.0,122,36.0,7.76,36.0,0.1,187.84595,21979923.0,19.9,2.2,0.341,6.2
Afghanistan,2001,Developing,55.3,316.0,88,0.01,10.5747282,63.0,8762,12.6,122,35.0,7.8,33.0,0.1,117.49698,2966463.0,2.1,2.4,0.34,5.9
Afghanistan,2000,Developing,54.8,321.0,88,0.01,10.42496,62.0,6532,12.2,122,24.0,8.2,24.0,0.1,114.56,293756.0,2.3,2.5,0.338,5.5
Iraq,2015,Developing,68.9,182.0,32,,0.0,56.0,1433,59.1,38,63.0,,58.0,0.1,4974.2693,36115649.0,5.3,5.1,0.649,10.1
Iraq,2014,Developing,67.9,199.0,32,0.01,43.5240801,62.0,1317,58.5,39,67.0,5.54,64.0,0.1,673.74737,3568.0,5.3,5.1,0.658,10.1
Iraq,2013,Developing,69.5,17.0,32,0.01,447.3695001,66.0,669,57.8,39,7.0,5.92,68.0,0.1,6925.22446,33883145.0,5.3,5.1,0.659,10.3
Iraq,2012,Developing,76.0,147.0,32,0.01,429.6625083,61.0,15,57.2,39,7.0,5.26,69.0,0.1,6651.12242,32776571.0,5.3,5.1,0.656,10.5
Iraq,2011,Developing,77.0,144.0,32,0.17,285.119726,77.0,15,56.5,39,8.0,3.32,79.0,0.1,5854.614497,3172753.0,5.3,5.1,0.649,10.4
Iraq,2010,Developing,76.0,145.0,32,0.19,21.82252494,72.0,492,55.8,39,74.0,3.82,74.0,0.1,452.74948,376271.0,5.3,5.1,0.646,10.4
Iraq,2009,Developing,74.0,148.0,32,0.2,185.6366983,75.0,30328,55.2,39,78.0,4.65,78.0,0.1,3735.144836,29894652.0,5.4,5.1,0.643,10.3
Iraq,2008,Developing,69.3,167.0,32,0.17,192.1562998,66.0,5494,54.5,38,71.0,3.93,69.0,0.1,4521.3247,29111417.0,5.4,5.1,0.638,10.3
Iraq,2007,Developing,65.9,227.0,31,0.14,146.7606488,56.0,230,53.8,38,74.0,3.69,57.0,0.1,3129.224922,2839433.0,5.4,5.1,0.636,10.2
Iraq,2006,Developing,64.7,249.0,31,0.03,75.25799773,59.0,474,53.2,38,63.0,3.0,59.0,0.1,2351.812429,27697912.0,5.4,5.1,0.631,10.2
Iraq,2005,Developing,66.8,29.0,31,0.18,59.18845152,65.0,908,52.5,37,69.0,4.13,65.0,0.1,1849.63911,278426.0,5.4,5.2,0.628,10.1
Iraq,2004,Developing,67.2,21.0,30,0.32,44.12059646,62.0,9081,51.9,37,69.0,5.61,74.0,0.1,1391.816923,2631669.0,5.4,5.2,0.603,9.8
Iraq,2003,Developing,66.5,213.0,30,0.07,0.0,63.0,0,51.3,37,73.0,4.36,75.0,0.1,,25627626.0,5.5,5.2,0.616,9.4
Iraq,2002,Developing,74.0,14.0,30,0.15,0.0,65.0,0,5.6,37,76.0,,77.0,0.1,,24939299.0,5.5,5.3,0.614,9.1
Iraq,2001,Developing,72.0,142.0,30,0.17,0.0,66.0,4088,5.1,37,8.0,,78.0,0.1,,24251649.0,5.6,5.3,0.607,8.7
Iraq,2000,Developing,70.0,144.0,30,0.2,0.0,67.0,726,49.5,37,83.0,,8.0,0.1,,23565413.0,5.6,5.4,0.603,8.6
Saudi Arabia,2015,Developing,74.5,88.0,7,,0.0,98.0,219,68.2,8,97.0,,98.0,0.1,2732.86172,,7.8,7.6,0.845,16.1
Saudi Arabia,2014,Developing,74.4,88.0,7,0.09,2017.643131,98.0,154,67.3,9,98.0,4.68,98.0,0.1,24575.434,,7.7,7.5,0.841,15.8
Saudi Arabia,2013,Developing,74.3,89.0,8,0.09,2047.113102,98.0,1164,66.4,9,98.0,4.25,98.0,0.1,24934.38614,,7.6,7.5,0.83,15.2
Saudi Arabia,2012,Developing,74.1,9.0,8,0.09,196.3808305,98.0,294,65.6,9,98.0,3.86,98.0,0.1,2533.9462,,7.5,7.4,0.818,14.5
Saudi Arabia,2011,Developing,73.9,92.0,8,0.09,173.5755595,98.0,362,64.7,9,98.0,3.57,98.0,0.1,2377.74739,,7.4,7.4,0.804,13.9
Saudi Arabia,2010,Developing,73.7,94.0,8,0.09,1197.946328,98.0,334,63.9,9,98.0,3.49,98.0,0.1,19259.58726,,7.3,7.4,0.792,13.3
Saudi Arabia,2009,Developing,73.4,97.0,8,0.09,117.9227998,98.0,82,63.1,10,98.0,4.9,98.0,0.1,1694.2931,,7.3,7.3,0.787,13.0
Saudi Arabia,2008,Developing,73.3,98.0,9,0.09,15.50666857,98.0,158,62.4,10,98.0,2.87,98.0,0.1,237.83234,,7.2,7.3,0.779,12.8
Saudi Arabia,2007,Developing,73.2,99.0,9,0.1,1307.89002,96.0,4648,61.6,10,96.0,3.49,96.0,0.1,16472.1665,,7.2,7.3,0.773,12.7
Saudi Arabia,2006,Developing,73.2,1.0,9,0.08,1395.454965,96.0,807,6.9,10,96.0,3.55,96.0,0.1,15334.66994,,7.2,7.3,0.767,12.5
Saudi Arabia,2005,Developing,73.1,11.0,9,0.05,1117.048134,97.0,373,6.2,10,96.0,3.42,96.0,0.1,13739.82945,,7.2,7.3,0.761,12.4
Saudi Arabia,2004,Developing,73.1,12.0,9,0.06,816.4795082,96.0,1880,59.4,11,96.0,3.58,96.0,0.1,11138.8746,,7.2,7.3,0.754,12.3
Saudi Arabia,2003,Developing,73.0,13.0,9,0.05,832.3688708,95.0,1208,58.5,11,95.0,4.2,95.0,0.1,9567.458285,,7.2,7.3,0.747,12.2
Saudi Arabia,2002,Developing,72.9,15.0,10,0.05,688.0972667,97.0,311,57.7,11,95.0,4.28,95.0,0.1,8655.311531,,7.3,7.3,0.745,12.1
Saudi Arabia,2001,Developing,72.8,17.0,10,0.05,710.4952397,95.0,155,56.9,12,97.0,4.49,97.0,0.1,8643.4944,,7.3,7.3,0.742,12.0
Saudi Arabia,2000,Developing,72.6,11.0,10,0.05,782.1799815,93.0,0,56.2,12,95.0,4.24,95.0,0.1,9126.954277,,7.3,7.4,0.737,11.8
Uzbekistan,2015,Developing,69.4,184.0,15,,0.0,99.0,22,44.7,17,99.0,,99.0,0.1,2137.576852,312989.0,3.0,3.1,0.697,12.1
Uzbekistan,2014,Developing,69.2,184.0,16,0.01,0.442802404,99.0,8,43.9,18,99.0,5.84,99.0,0.1,25.448414,37577.0,3.0,3.1,0.69,12.1
Uzbekistan,2013,Developing,69.1,185.0,17,0.01,19.1624696,99.0,0,43.0,19,99.0,6.32,99.0,0.1,197.551233,32432.0,3.0,3.1,0.681,12.0
Uzbekistan,2012,Developing,68.8,184.0,18,0.01,16.71406295,99.0,0,42.2,21,99.0,6.49,99.0,0.1,174.468298,297745.0,3.0,3.1,0.673,12.0
Uzbekistan,2011,Developing,68.5,183.0,19,2.83,140.6905284,99.0,476,41.4,22,99.0,5.65,99.0,0.1,1564.966945,293394.0,3.0,3.1,0.664,12.0
Uzbekistan,2010,Developing,68.3,183.0,20,2.73,119.4571154,99.0,117,4.7,23,99.0,5.34,99.0,0.2,1377.8214,285624.0,3.0,3.1,0.657,11.9
Uzbekistan,2009,Developing,68.0,183.0,21,2.56,92.81479759,98.0,0,4.0,24,99.0,6.31,98.0,0.2,1213.265328,277674.0,3.1,3.1,0.651,11.8
Uzbekistan,2008,Developing,67.9,184.0,22,2.36,13.89021225,91.0,2,39.3,25,98.0,5.92,98.0,0.3,182.28625,27328.0,3.1,3.1,0.644,11.9
Uzbekistan,2007,Developing,67.8,184.0,22,2.15,9.290983645,99.0,863,38.7,26,98.0,5.81,96.0,0.3,83.476942,26868.0,3.1,3.1,0.631,11.8
Uzbekistan,2006,Developing,67.6,185.0,23,1.96,77.27092119,98.0,823,38.1,27,94.0,5.49,96.0,0.4,654.2838373,2648825.0,3.2,3.2,0.626,11.8
Uzbekistan,2005,Developing,67.3,192.0,24,1.78,40.13342094,99.0,737,37.5,28,99.0,5.11,99.0,0.3,546.776852,26167.0,3.2,3.2,0.62,11.7
Uzbekistan,2004,Developing,67.8,183.0,24,1.59,34.41887163,99.0,75,37.0,29,99.0,5.11,99.0,0.3,465.1198869,2586435.0,3.2,3.2,0.613,11.6
Uzbekistan,2003,Developing,67.2,183.0,25,1.54,28.52135777,99.0,85,36.4,30,99.0,5.17,98.0,0.3,396.129969,2556765.0,3.3,3.3,0.607,11.3
Uzbekistan,2002,Developing,67.1,186.0,27,1.47,24.99438738,62.0,25,35.9,32,99.0,5.44,99.0,0.2,383.3494997,2527185.0,3.3,3.3,0.6,11.0
Uzbekistan,2001,Developing,67.4,185.0,28,1.53,43.66385568,,22,35.3,34,99.0,5.28,99.0,0.2,456.734892,2496445.0,3.4,3.3,0.594,10.7
Uzbekistan,2000,Developing,67.1,189.0,30,1.6,48.50941741,,80,34.8,36,99.0,5.29,99.0,0.1,558.221144,24654.0,3.4,3.4,0.0,10.6
Nepal,2015,Developing,69.2,165.0,17,,0.0,91.0,1599,19.1,21,9.0,,91.0,0.1,743.7653489,28656282.0,15.7,16.1,0.555,12.2
Nepal,2014,Developing,69.6,158.0,18,0.01,8.523486403,92.0,1279,18.5,22,92.0,5.8,92.0,0.1,76.2386977,28323241.0,15.9,16.3,0.551,12.4
Nepal,2013,Developing,69.3,162.0,19,0.27,80.15505125,92.0,1861,18.0,24,92.0,5.69,92.0,0.1,688.6172788,2798531.0,16.1,16.5,0.545,12.3
Nepal,2012,Developing,68.9,167.0,20,0.26,80.58788376,9.0,3362,17.4,25,9.0,5.89,9.0,0.2,681.7925868,27649925.0,16.3,16.7,0.538,12.3
Nepal,2011,Developing,68.4,172.0,22,0.27,112.1229028,92.0,2359,16.9,27,92.0,6.73,92.0,0.2,692.1166842,27327147.0,16.5,16.9,0.529,12.0
Nepal,2010,Developing,68.0,178.0,23,0.24,84.62302524,82.0,190,16.4,30,83.0,6.43,82.0,0.2,592.1835216,2723137.0,16.7,17.2,0.515,11.1
Nepal,2009,Developing,67.5,183.0,25,0.22,6.19357029,89.0,189,15.9,32,93.0,6.41,89.0,0.2,48.7299,2674113.0,16.9,17.4,0.502,10.5
Nepal,2008,Developing,67.0,189.0,27,0.21,70.27113179,82.0,2089,15.4,35,82.0,6.44,82.0,0.2,473.844449,26475859.0,17.0,17.6,0.492,10.1
Nepal,2007,Developing,66.6,194.0,29,0.2,52.22906505,82.0,1415,14.9,38,82.0,5.84,82.0,0.2,393.8843518,26214847.0,17.2,17.8,0.486,10.0
Nepal,2006,Developing,66.0,21.0,31,0.2,45.87989927,69.0,2838,14.4,41,91.0,5.7,89.0,0.2,348.6314534,2594618.0,17.4,18.0,0.476,9.6
Nepal,2005,Developing,65.4,28.0,33,0.2,4.259752532,41.0,5023,13.9,44,78.0,5.72,75.0,0.2,317.89198,2564287.0,17.6,18.2,0.469,9.4
Nepal,2004,Developing,64.7,218.0,35,0.21,31.93187316,27.0,12074,13.4,47,8.0,5.82,8.0,0.2,287.4156,2539449.0,17.8,18.4,0.463,9.3
Nepal,2003,Developing,64.3,22.0,38,0.2,2.79096532,2.0,13344,12.9,50,76.0,5.48,78.0,0.1,253.72412,2495623.0,18.0,18.6,0.457,9.2
Nepal,2002,Developing,63.1,238.0,40,0.19,23.18394594,,6749,12.4,54,72.0,5.6,72.0,0.1,246.375621,24566342.0,18.2,18.8,0.447,8.6
Nepal,2001,Developing,63.2,23.0,43,0.09,21.92813881,,10849,11.9,58,73.0,5.36,72.0,0.1,248.6183539,24161777.0,18.3,19.0,0.446,9.0
Nepal,2000,Developing,62.5,238.0,46,0.08,17.9123368,,9397,11.4,62,74.0,5.43,74.0,0.1,231.42554,2374911.0,18.5,19.2,0.439,8.9
Cambodia,2015,Developing,68.7,174.0,10,,0.0,89.0,0,19.6,12,87.0,,89.0,0.2,1163.18977,15517635.0,1.9,1.9,0.558,10.9
Cambodia,2014,Developing,68.3,179.0,11,0.01,12.17952064,88.0,0,18.9,12,87.0,5.68,88.0,0.2,198.687123,152779.0,1.9,11.0,0.553,10.9
Cambodia,2013,Developing,67.8,183.0,11,0.01,8.758214538,83.0,0,18.2,13,66.0,5.93,83.0,0.2,128.419568,1522692.0,11.0,11.1,0.546,10.8
Cambodia,2012,Developing,67.4,186.0,12,0.01,6.914723983,86.0,15,17.6,14,84.0,6.24,86.0,0.3,95.244132,14776866.0,11.0,11.2,0.54,10.7
Cambodia,2011,Developing,67.0,19.0,13,2.12,60.18591771,88.0,722,17.0,15,87.0,5.64,88.0,0.3,882.491462,14537886.0,11.0,11.2,0.533,10.7
Cambodia,2010,Developing,66.6,192.0,14,2.2,56.88416481,89.0,1156,16.4,16,88.0,5.95,89.0,0.5,785.6928841,143874.0,11.0,11.3,0.519,10.6
Cambodia,2009,Developing,66.1,195.0,15,2.13,48.35423978,92.0,4779,15.9,17,95.0,6.36,94.0,0.6,738.2326684,14928.0,11.1,11.4,0.52,10.5
Cambodia,2008,Developing,65.6,199.0,16,2.24,53.10009046,91.0,4211,15.3,18,91.0,5.55,91.0,0.7,745.7877873,138859.0,11.2,11.4,0.511,10.5
Cambodia,2007,Developing,65.0,24.0,16,2.08,57.73516711,82.0,394,14.8,20,82.0,3.75,82.0,0.9,631.675789,13676693.0,11.3,11.5,0.495,10.3
Cambodia,2006,Developing,64.1,216.0,17,2.03,51.50447119,8.0,188,14.3,21,8.0,4.48,8.0,1.1,539.8791529,13474489.0,11.4,11.6,0.483,10.1
Cambodia,2005,Developing,62.9,234.0,18,1.99,62.21817261,,264,13.9,22,82.0,5.84,82.0,1.4,474.2238766,132721.0,11.5,11.6,0.47,10.0
Cambodia,2004,Developing,61.5,253.0,19,1.38,8.38611924,,352,13.5,24,86.0,6.43,85.0,1.7,48.615184,1363377.0,11.6,11.7,0.458,9.7
Cambodia,2003,Developing,63.0,268.0,21,1.44,55.59543946,,653,13.1,26,69.0,6.74,69.0,1.9,362.4213785,12853124.0,11.6,11.7,0.445,9.3
Cambodia,2002,Developing,59.3,273.0,23,1.43,30.91060554,,1361,12.8,29,54.0,5.95,54.0,2.1,339.676984,12634729.0,11.6,11.8,0.427,8.2
Cambodia,2001,Developing,58.5,273.0,25,1.71,27.68971051,,3761,12.4,33,59.0,5.7,6.0,2.2,321.22634,1242473.0,11.6,11.8,0.412,7.6
Cambodia,2000,Developing,57.7,274.0,27,1.51,0.328418056,,12237,12.1,36,62.0,5.87,59.0,2.1,3.685949,12152354.0,11.6,11.9,0.401,7.2
Azerbaijan,2015,Developing,72.7,118.0,5,,0.0,96.0,0,52.5,6,98.0,,96.0,0.1,55.31382,9649341.0,2.8,2.9,0.758,12.7
Azerbaijan,2014,Developing,72.5,119.0,5,0.01,306.1824313,94.0,0,51.5,6,97.0,6.4,94.0,0.1,7891.299776,953579.0,2.8,2.9,0.752,12.2
Azerbaijan,2013,Developing,72.2,121.0,5,2.14,275.6514934,93.0,164,5.6,6,96.0,5.54,93.0,0.1,7875.756953,941681.0,2.8,2.8,0.745,11.9
Azerbaijan,2012,Developing,71.9,123.0,5,0.01,285.6103912,88.0,0,49.7,6,92.0,5.37,89.0,0.1,7496.335728,9295784.0,2.8,2.8,0.742,11.8
Azerbaijan,2011,Developing,71.6,125.0,5,1.98,263.142699,84.0,0,48.8,6,91.0,5.1,87.0,0.1,7189.691229,917382.0,2.8,2.9,0.741,11.7
Azerbaijan,2010,Developing,71.1,13.0,5,1.98,246.5686008,8.0,0,48.0,6,85.0,5.33,81.0,0.1,5842.85784,954332.0,2.8,2.9,0.737,11.7
Azerbaijan,2009,Developing,78.0,132.0,6,2.1,22.48638351,74.0,0,47.3,6,84.0,5.85,81.0,0.1,495.294791,8947243.0,2.8,2.9,0.728,11.6
Azerbaijan,2008,Developing,73.0,141.0,6,1.18,206.2616134,68.0,5,46.6,6,85.0,4.37,81.0,0.1,5574.6382,87634.0,2.8,2.9,0.719,11.6
Azerbaijan,2007,Developing,73.0,14.0,6,1.02,176.0107106,62.0,0,45.9,7,81.0,5.1,79.0,0.1,3851.437869,85813.0,2.8,2.9,0.708,11.6
Azerbaijan,2006,Developing,69.2,154.0,6,0.85,105.6337264,52.0,222,45.3,7,8.0,6.17,78.0,0.1,2473.85776,848455.0,2.9,2.9,0.682,10.7
Azerbaijan,2005,Developing,68.4,162.0,6,0.73,81.28883085,49.0,1238,44.7,7,79.0,7.86,75.0,0.1,1578.4239,839185.0,2.9,3.0,0.675,11.2
Azerbaijan,2004,Developing,68.4,154.0,6,0.62,8.59680496,5.0,827,44.2,8,78.0,7.92,77.0,0.1,145.2163,8365.0,3.0,3.0,0.668,11.0
Azerbaijan,2003,Developing,67.8,154.0,7,0.55,42.41491183,51.0,1978,43.6,8,79.0,6.56,77.0,0.1,883.6439965,82341.0,3.0,3.0,0.659,10.8
Azerbaijan,2002,Developing,67.8,146.0,7,0.55,39.33253687,5.0,4353,43.1,9,8.0,4.47,76.0,0.1,763.73858,817195.0,3.1,3.1,0.651,10.6
Azerbaijan,2001,Developing,67.5,151.0,8,0.51,4.104190077,,574,42.6,10,77.0,4.48,77.0,0.1,73.6838434,81112.0,3.1,3.1,0.642,10.4
Azerbaijan,2000,Developing,66.6,16.0,9,0.65,35.09462644,,210,42.1,11,75.0,4.67,76.0,0.1,655.974326,8486.0,3.2,3.1,0.636,10.1
United Arab Emirates,2015,Developing,77.1,75.0,1,,0.0,99.0,347,64.2,1,99.0,,99.0,0.1,3911.74689,,5.3,5.1,0.836,13.3
United Arab Emirates,2014,Developing,76.9,77.0,1,1.91,3862.68271,99.0,344,62.4,1,99.0,3.64,99.0,0.1,44449.7435,,5.2,5.0,0.832,13.3
United Arab Emirates,2013,Developing,76.7,78.0,1,1.82,377.2009132,98.0,0,6.5,1,98.0,3.49,98.0,0.1,4335.64268,,5.2,5.0,0.829,13.3
United Arab Emirates,2012,Developing,76.5,8.0,1,1.75,3663.764502,96.0,132,58.6,1,96.0,3.45,96.0,0.1,42112.23565,,5.1,5.0,0.826,13.3
United Arab Emirates,2011,Developing,76.3,81.0,1,1.73,387.774991,95.0,0,57.1,1,95.0,3.7,95.0,0.1,4462.3129,,5.1,4.9,0.824,13.3
United Arab Emirates,2010,Developing,76.2,82.0,1,1.69,308.0660742,94.0,87,55.8,1,94.0,3.93,94.0,0.1,3549.14832,,5.1,4.9,0.826,13.3
United Arab Emirates,2009,Developing,76.0,84.0,1,1.73,292.4022672,93.0,0,55.1,1,94.0,4.5,93.0,0.1,3372.57517,,5.1,4.9,0.831,13.2
United Arab Emirates,2008,Developing,75.8,85.0,1,1.86,4003.908598,92.0,55,54.8,1,94.0,2.93,92.0,0.1,45758.9554,,5.1,4.9,0.829,13.1
United Arab Emirates,2007,Developing,75.6,87.0,1,1.69,3759.457226,92.0,0,55.1,1,94.0,2.57,92.0,0.1,42672.61323,,5.1,4.9,0.826,12.9
United Arab Emirates,2006,Developing,75.4,89.0,1,1.74,3749.941617,92.0,0,55.8,1,94.0,2.33,92.0,0.1,42372.22166,,5.1,4.9,0.823,12.8
United Arab Emirates,2005,Developing,75.3,92.0,1,1.79,3427.320332,92.0,29,56.6,1,94.0,2.32,94.0,0.1,39439.8197,,5.1,4.9,0.818,12.6
United Arab Emirates,2004,Developing,75.1,95.0,1,1.77,2972.448675,92.0,22,57.0,1,94.0,2.46,94.0,0.1,36161.1761,,5.2,4.9,0.813,12.4
United Arab Emirates,2003,Developing,74.9,98.0,1,1.74,277.1818332,92.0,42,56.8,1,94.0,2.65,94.0,0.1,3323.52318,,5.2,5.0,0.808,12.3
United Arab Emirates,2002,Developing,74.7,11.0,1,1.72,2598.842827,92.0,53,56.0,1,94.0,2.72,94.0,0.1,31311.35936,,5.3,5.0,0.803,12.1
United Arab Emirates,2001,Developing,74.5,14.0,1,1.67,243.7539129,92.0,30,55.0,1,94.0,2.48,94.0,0.1,3161.52935,,5.3,5.1,0.798,12.0
United Arab Emirates,2000,Developing,74.2,17.0,1,1.64,262.9589578,92.0,69,54.1,1,94.0,2.38,94.0,0.1,3371.26869,,5.4,5.1,0.791,11.8
Tajikistan,2015,Developing,69.7,161.0,10,,0.0,96.0,3,4.7,11,96.0,,96.0,0.2,918.6771543,8548651.0,3.6,3.7,0.625,11.3
Tajikistan,2014,Developing,69.6,162.0,10,0.01,7.829008596,97.0,0,39.9,11,94.0,6.88,97.0,0.2,114.45919,8362745.0,3.6,3.7,0.622,11.3
Tajikistan,2013,Developing,69.3,163.0,10,0.01,1.0419164,96.0,1,39.0,11,97.0,6.75,96.0,0.2,14.214412,817789.0,3.6,3.7,0.617,11.2
Tajikistan,2012,Developing,68.8,164.0,10,0.01,71.50892145,94.0,16,38.2,12,96.0,6.39,94.0,0.2,954.725253,799562.0,3.6,3.7,0.613,11.1
Tajikistan,2011,Developing,68.1,166.0,10,0.32,51.9919227,96.0,1,37.4,12,97.0,5.98,96.0,0.2,834.5412953,7815949.0,3.7,3.7,0.608,11.1
Tajikistan,2010,Developing,67.3,171.0,10,0.32,43.34099958,93.0,0,36.6,12,95.0,6.4,93.0,0.2,738.3475227,764163.0,3.7,3.8,0.603,11.1
Tajikistan,2009,Developing,66.7,174.0,10,0.3,35.71613793,93.0,0,35.9,12,93.0,5.93,93.0,0.2,666.3458569,7472819.0,3.7,3.8,0.601,11.1
Tajikistan,2008,Developing,66.4,178.0,10,0.32,4.153362912,86.0,0,35.3,12,87.0,5.58,86.0,0.3,76.914128,739728.0,3.8,3.8,0.592,10.8
Tajikistan,2007,Developing,66.1,181.0,10,0.35,2.272404904,84.0,2,34.7,12,85.0,5.35,86.0,0.3,52.35956,7152385.0,3.8,3.8,0.586,10.9
Tajikistan,2006,Developing,65.9,183.0,10,0.38,2.626234903,88.0,3,34.1,12,76.0,5.7,83.0,0.3,44.2872665,7557.0,3.8,3.9,0.579,10.7
Tajikistan,2005,Developing,65.5,194.0,10,0.37,19.83672308,81.0,0,33.5,12,79.0,5.89,84.0,0.3,337.359236,6854176.0,3.8,3.9,0.572,10.6
Tajikistan,2004,Developing,65.9,177.0,11,0.38,2.093721752,81.0,4,33.0,13,82.0,5.7,86.0,0.3,39.281834,6712841.0,3.9,3.9,0.563,10.5
Tajikistan,2003,Developing,65.2,182.0,11,0.36,13.25723997,58.0,2144,32.5,14,82.0,4.46,85.0,0.3,236.314438,6576877.0,4.0,4.0,0.553,10.1
Tajikistan,2002,Developing,64.3,193.0,12,0.6,10.68147485,39.0,927,32.1,15,84.0,4.48,85.0,0.3,189.3878519,6447688.0,4.0,4.0,0.543,9.8
Tajikistan,2001,Developing,64.0,194.0,13,0.86,1.142003812,,38,31.6,16,84.0,4.59,85.0,0.3,17.8159721,6327125.0,4.1,4.1,0.535,9.7
Tajikistan,2000,Developing,63.7,198.0,14,0.37,8.943006492,,192,31.3,17,86.0,4.64,83.0,0.3,138.436633,621625.0,4.2,4.1,0.529,9.6
Israel,2015,Developing,82.5,58.0,0,,0.0,96.0,80,64.9,1,95.0,,95.0,0.1,35729.37253,8381.0,1.2,1.1,0.898,16.0
Israel,2014,Developing,82.2,6.0,1,2.62,4348.33531,97.0,6,64.6,1,95.0,7.81,95.0,0.1,37582.84624,82157.0,1.2,1.1,0.895,16.0
Israel,2013,Developing,82.1,61.0,1,2.69,4279.895512,97.0,50,64.2,1,96.0,7.89,96.0,0.1,36393.66932,8595.0,1.2,1.1,0.891,15.9
Israel,2012,Developing,81.8,6.0,1,2.78,3830.184587,97.0,211,63.8,1,94.0,7.73,94.0,0.1,32569.59683,7915.0,1.2,1.1,0.889,15.9
Israel,2011,Developing,81.8,61.0,1,2.67,3793.161624,98.0,70,63.4,1,94.0,7.39,94.0,0.1,33657.15727,77658.0,1.2,1.1,0.883,15.8
Israel,2010,Developing,81.7,61.0,1,2.63,409.4109292,97.0,23,63.0,1,95.0,7.36,95.0,0.1,3661.994,76236.0,1.2,1.1,0.878,15.7
Israel,2009,Developing,81.5,63.0,1,2.55,508.6645438,98.0,5,62.6,1,96.0,7.46,96.0,0.1,27795.87671,74856.0,1.2,1.1,0.876,15.6
Israel,2008,Developing,81.0,65.0,1,2.47,471.5533294,99.0,931,62.1,1,94.0,7.33,94.0,0.1,29657.4421,7388.0,1.1,1.1,0.877,15.8
Israel,2007,Developing,84.0,68.0,1,2.33,4.3451016,99.0,539,61.6,1,95.0,7.37,95.0,0.1,258.637,7181.0,1.1,1.1,0.872,15.7
Israel,2006,Developing,84.0,68.0,1,2.23,33.58620657,96.0,9,61.1,1,94.0,7.38,95.0,0.1,2195.1769,7537.0,1.1,1.1,0.87,15.7
Israel,2005,Developing,80.0,71.0,1,2.41,250.9343317,96.0,2,6.6,1,95.0,7.44,93.0,0.1,2611.17931,6931.0,1.1,1.1,0.866,15.8
Israel,2004,Developing,81.0,69.0,1,2.23,1895.342792,99.0,116,6.1,1,95.0,7.35,95.0,0.1,19888.172,689.0,1.1,1.1,0.863,15.9
Israel,2003,Developing,79.7,71.0,1,2.32,1731.755747,98.0,124,59.6,1,93.0,7.44,93.0,0.1,18946.99942,66897.0,1.1,1.1,0.863,16.0
Israel,2002,Developing,79.3,74.0,1,2.47,1701.195787,98.0,2,59.2,1,91.0,7.49,9.0,0.1,18431.15696,657.0,1.1,1.1,0.855,15.3
Israel,2001,Developing,79.3,74.0,1,2.53,22.27332618,96.0,19,58.7,1,93.0,7.61,92.0,0.1,236.19646,6439.0,1.1,1.1,0.85,15.1
Israel,2000,Developing,78.9,76.0,1,2.53,199.9341033,98.0,36,58.3,1,93.0,7.13,93.0,0.1,2152.1432,6289.0,1.1,1.1,0.845,15.2
Lebanon,2015,Developing,74.9,98.0,1,,0.0,81.0,39,66.1,1,75.0,,81.0,0.1,846.632851,5851479.0,4.9,4.9,0.763,13.3
Lebanon,2014,Developing,74.8,99.0,1,1.32,140.3771361,81.0,112,65.4,1,75.0,6.39,81.0,0.1,8161.4614,563279.0,4.8,4.9,0.763,13.3
Lebanon,2013,Developing,74.9,97.0,1,1.29,14.55610463,81.0,1761,64.9,1,75.0,6.63,81.0,0.1,846.285153,527612.0,4.8,4.8,0.766,13.3
Lebanon,2012,Developing,75.0,93.0,1,1.53,151.1526829,81.0,9,64.4,1,75.0,6.99,81.0,0.1,8787.94668,491644.0,4.8,4.8,0.763,13.3
Lebanon,2011,Developing,75.0,93.0,1,1.57,835.0626827,81.0,9,64.0,1,75.0,7.12,81.0,0.1,8734.9653,4588368.0,4.7,4.7,0.758,13.2
Lebanon,2010,Developing,74.9,94.0,1,1.58,805.3956346,81.0,12,63.5,1,75.0,7.19,81.0,0.1,8763.826274,4337141.0,4.7,4.7,0.752,13.3
Lebanon,2009,Developing,74.7,95.0,1,1.62,8.140373615,81.0,22,63.0,1,75.0,7.42,81.0,0.1,84.268878,4183156.0,4.7,4.7,0.746,13.2
Lebanon,2008,Developing,74.5,98.0,1,1.67,69.13924862,81.0,24,62.5,1,75.0,8.7,81.0,0.1,712.775759,411147.0,4.7,4.7,0.74,13.1
Lebanon,2007,Developing,74.4,98.0,1,1.72,8.906931168,8.0,373,61.9,1,75.0,8.9,8.0,0.1,614.271115,486466.0,4.7,4.6,0.731,12.9
Lebanon,2006,Developing,74.1,1.0,1,1.82,534.5795695,78.0,956,61.4,1,75.0,8.83,78.0,0.1,5372.65899,45735.0,4.7,4.6,0.733,13.2
Lebanon,2005,Developing,73.9,11.0,1,1.94,630.0540723,77.0,618,6.8,1,74.0,8.42,77.0,0.1,5339.441291,3986852.0,4.7,4.6,0.0,13.7
Lebanon,2004,Developing,73.7,13.0,1,2.1,618.3614858,75.0,213,6.2,1,74.0,8.91,75.0,0.1,5424.22356,3863267.0,4.7,4.6,0.0,14.2
Lebanon,2003,Developing,73.5,15.0,1,2.19,527.9176618,74.0,526,59.7,1,74.0,9.3,74.0,0.1,5425.6697,371464.0,4.8,4.7,0.0,14.8
Lebanon,2002,Developing,73.2,17.0,1,1.98,70.13207838,77.0,36,59.1,1,77.0,1.5,77.0,0.1,5436.595223,3522837.0,4.8,4.7,0.0,15.2
Lebanon,2001,Developing,73.0,11.0,1,2.19,510.6035166,8.0,8,58.6,1,8.0,1.9,8.0,0.1,5253.122599,3359859.0,4.9,4.7,0.0,15.0
Lebanon,2000,Developing,72.7,112.0,1,2.26,404.3879434,83.0,5,57.9,1,83.0,1.86,83.0,0.1,5334.93329,3235366.0,4.9,4.8,0.0,14.9
Kyrgyzstan,2015,Developing,71.1,166.0,3,,0.0,97.0,17779,44.9,3,97.0,,97.0,0.1,,,3.3,3.4,0.662,13.0
Kyrgyzstan,2014,Developing,78.0,17.0,3,0.01,0.0,96.0,318,43.9,4,95.0,6.48,96.0,0.1,,,3.3,3.4,0.656,12.8
Kyrgyzstan,2013,Developing,77.0,174.0,3,0.01,0.0,97.0,1,43.0,4,97.0,6.68,97.0,0.1,,,3.3,3.3,0.647,12.5
Kyrgyzstan,2012,Developing,69.9,18.0,3,0.01,0.0,96.0,0,42.2,4,94.0,6.97,96.0,0.1,,,3.2,3.3,0.638,12.3
Kyrgyzstan,2011,Developing,69.4,188.0,4,3.28,0.0,96.0,222,41.4,4,94.0,6.18,96.0,0.2,,,3.2,3.3,0.632,12.1
Kyrgyzstan,2010,Developing,68.8,199.0,4,2.73,0.0,96.0,0,4.7,4,88.0,6.66,96.0,0.1,,,3.2,3.3,0.631,12.2
Kyrgyzstan,2009,Developing,68.5,21.0,4,2.39,0.0,96.0,1,4.1,4,96.0,6.79,95.0,0.1,,,3.3,3.4,0.629,12.4
Kyrgyzstan,2008,Developing,67.6,217.0,4,2.53,0.0,97.0,16,39.5,4,95.0,6.7,95.0,0.2,,,3.3,3.4,0.624,12.6
Kyrgyzstan,2007,Developing,67.2,229.0,4,2.77,0.0,94.0,40,39.0,4,94.0,6.87,94.0,0.1,,,3.3,3.4,0.618,12.6
Kyrgyzstan,2006,Developing,66.7,234.0,4,2.48,0.0,9.0,27,38.5,4,93.0,6.73,92.0,0.1,,,3.3,3.4,0.613,12.5
Kyrgyzstan,2005,Developing,66.9,224.0,4,2.81,0.0,97.0,53,38.0,4,98.0,5.82,98.0,0.1,,,3.4,3.4,0.612,12.4
Kyrgyzstan,2004,Developing,67.1,218.0,4,3.41,0.0,99.0,8,37.5,4,98.0,5.57,99.0,0.1,,,3.4,3.4,0.609,12.5
Kyrgyzstan,2003,Developing,66.6,217.0,4,3.52,0.0,99.0,6,37.0,4,98.0,5.43,98.0,0.1,,,3.5,3.5,0.602,12.2
Kyrgyzstan,2002,Developing,66.7,215.0,4,3.31,0.0,99.0,2,36.5,5,99.0,5.43,98.0,0.1,,,3.5,3.5,0.601,12.1
Kyrgyzstan,2001,Developing,67.2,217.0,4,2.62,0.0,57.0,17,36.0,5,99.0,4.79,99.0,0.1,,,3.6,3.6,0.593,11.8
Kyrgyzstan,2000,Developing,66.6,225.0,4,2.13,0.0,44.0,16,35.6,5,99.0,4.68,99.0,0.1,,,3.6,3.6,0.586,11.4
Turkmenistan,2015,Developing,66.3,215.0,6,,0.0,99.0,0,48.6,7,99.0,,99.0,0.1,6432.668768,5565284.0,3.3,3.3,0.688,10.8
Turkmenistan,2014,Developing,66.0,217.0,7,2.9,691.1333535,97.0,0,47.7,8,98.0,2.7,98.0,0.1,7962.365824,5466241.0,3.3,3.3,0.683,10.8
Turkmenistan,2013,Developing,65.4,228.0,7,2.93,63.7481117,98.0,0,46.7,8,98.0,2.12,98.0,0.1,734.42525,5366277.0,3.2,3.3,0.678,10.7
Turkmenistan,2012,Developing,65.6,22.0,7,2.75,579.4128244,98.0,0,45.9,8,98.0,1.96,97.0,0.1,6675.262954,5267839.0,3.2,3.3,0.672,10.7
Turkmenistan,2011,Developing,65.6,217.0,7,2.55,490.4181326,97.0,0,45.0,8,97.0,1.98,97.0,0.1,5649.978486,517461.0,3.2,3.3,0.665,10.6
Turkmenistan,2010,Developing,65.8,211.0,7,2.48,385.325164,96.0,0,44.2,8,96.0,1.99,96.0,0.1,4439.23,58721.0,3.2,3.3,0.0,10.6
Turkmenistan,2009,Developing,65.6,215.0,6,2.35,37.88466056,97.0,0,43.4,8,97.0,1.88,96.0,0.1,436.459223,5795.0,3.2,3.3,0.0,10.5
Turkmenistan,2008,Developing,64.5,235.0,6,2.4,34.23979419,96.0,0,42.7,8,96.0,1.93,96.0,0.1,394.467675,4935762.0,3.2,3.3,0.0,10.5
Turkmenistan,2007,Developing,64.1,241.0,6,2.58,0.358651421,98.0,59,42.0,8,98.0,2.16,98.0,0.1,26.371428,487137.0,3.3,3.3,0.0,10.4
Turkmenistan,2006,Developing,63.7,245.0,6,2.71,29.27235366,98.0,48,41.3,8,98.0,2.9,98.0,0.1,2136.66815,48115.0,3.3,3.3,0.0,10.4
Turkmenistan,2005,Developing,63.3,248.0,6,2.85,2.19888585,99.0,0,4.7,8,99.0,3.51,99.0,0.1,174.51475,4754641.0,3.4,3.4,0.0,10.3
Turkmenistan,2004,Developing,63.5,238.0,6,2.86,186.1013972,96.0,1,4.0,8,98.0,4.3,97.0,0.1,1453.917166,473398.0,3.4,3.4,0.0,10.3
Turkmenistan,2003,Developing,63.4,231.0,7,2.88,179.6156482,97.0,1,39.4,8,66.0,3.85,83.0,0.1,1283.885977,4655741.0,3.5,3.4,0.0,10.3
Turkmenistan,2002,Developing,63.3,229.0,7,2.33,130.3784829,96.0,11,38.7,8,99.0,3.34,98.0,0.1,967.917468,4612.0,3.5,3.5,0.0,10.2
Turkmenistan,2001,Developing,64.0,221.0,7,2.35,106.180706,,9,38.1,9,94.0,3.87,95.0,0.1,774.4763388,45648.0,3.6,3.5,0.0,10.2
Turkmenistan,2000,Developing,63.8,224.0,7,2.9,88.2436347,,113,37.5,9,98.0,3.94,97.0,0.1,643.17518,4516131.0,3.6,3.6,0.0,0.0
Oman,2015,Developing,76.6,99.0,1,,0.0,99.0,0,54.6,1,99.0,,99.0,0.1,16627.36433,,7.1,6.9,0.795,13.7
Oman,2014,Developing,76.4,11.0,1,0.4,166.1913728,99.0,0,53.5,1,99.0,3.55,99.0,0.1,2458.45226,,7.1,6.9,0.796,13.7
Oman,2013,Developing,76.2,12.0,1,0.46,1154.893473,98.0,0,52.8,1,99.0,2.76,98.0,0.1,21268.7564,,7.0,6.8,0.796,13.7
Oman,2012,Developing,76.0,14.0,1,0.51,1055.835493,98.0,13,52.3,1,99.0,2.52,98.0,0.1,22134.916,,7.0,6.8,0.797,13.7
Oman,2011,Developing,75.8,15.0,1,0.54,158.27708,99.0,5,52.0,1,99.0,2.49,99.0,0.1,2986.36,,6.9,6.8,0.797,13.6
Oman,2010,Developing,75.6,16.0,1,0.56,129.2260751,99.0,3,51.8,1,99.0,2.74,99.0,0.1,1928.74739,,6.9,6.8,0.797,13.5
Oman,2009,Developing,75.4,18.0,1,0.56,1040.629462,98.0,19,51.5,1,96.0,2.83,98.0,0.1,16784.34616,,6.9,6.8,0.782,12.4
Oman,2008,Developing,75.2,19.0,1,0.57,123.0966298,99.0,18,51.1,1,97.0,2.1,99.0,0.1,2275.3536,,6.9,6.8,0.765,11.9
Oman,2007,Developing,74.9,113.0,1,0.57,88.45038011,99.0,24,5.6,1,97.0,2.43,99.0,0.1,1585.13226,,7.0,6.8,0.753,11.5
Oman,2006,Developing,74.7,115.0,1,0.58,78.51141,99.0,13,5.1,1,98.0,2.31,98.0,0.1,1448.55,,7.0,6.8,0.748,11.6
Oman,2005,Developing,74.3,118.0,1,0.63,854.0115758,99.0,25,49.5,1,99.0,2.59,99.0,0.1,12376.97936,,7.0,6.8,0.742,11.5
Oman,2004,Developing,74.0,122.0,1,0.61,70.46762486,99.0,18,48.9,1,99.0,2.98,99.0,0.1,1129.28886,,7.1,6.8,0.734,11.5
Oman,2003,Developing,73.6,127.0,1,0.56,65.65631302,99.0,1,48.1,1,99.0,3.17,99.0,0.1,969.8126,,7.1,6.8,0.725,11.2
Oman,2002,Developing,73.3,13.0,1,0.54,585.9170945,99.0,5,47.3,1,99.0,3.18,99.0,0.1,8629.11774,,7.1,6.8,0.716,11.0
Oman,2001,Developing,72.9,134.0,1,0.55,564.5425663,99.0,15,46.5,1,99.0,3.8,99.0,0.1,8476.61511,,7.1,6.9,0.705,10.7
Oman,2000,Developing,72.6,138.0,1,0.38,62.86657508,99.0,15,45.9,1,99.0,3.7,99.0,0.1,861.18596,,7.2,6.9,0.0,10.4
Maldives,2015,Developing,78.5,61.0,0,,0.0,99.0,0,27.4,0,99.0,,99.0,0.1,8395.785198,49163.0,13.6,13.6,0.701,12.7
Maldives,2014,Developing,78.2,62.0,0,0.01,2051.748615,99.0,0,26.2,0,99.0,13.73,99.0,0.1,7716.2415,41.0,13.6,13.7,0.693,12.7
Maldives,2013,Developing,77.9,64.0,0,0.01,1626.591186,99.0,0,25.1,0,99.0,11.16,99.0,0.1,7112.33575,393.0,13.7,13.8,0.683,12.4
Maldives,2012,Developing,77.6,65.0,0,0.01,1259.940376,99.0,0,24.1,0,99.0,9.16,99.0,0.1,6541.7465,385.0,13.8,13.9,0.675,12.1
Maldives,2011,Developing,77.3,67.0,0,1.92,1079.893546,96.0,0,23.1,0,96.0,8.11,96.0,0.1,6497.55443,377.0,13.9,14.0,0.663,11.8
Maldives,2010,Developing,76.7,73.0,0,1.83,91.13971812,97.0,0,22.1,0,97.0,7.93,96.0,0.1,633.79498,367.0,14.0,14.1,0.653,11.6
Maldives,2009,Developing,76.3,75.0,0,1.59,100.503021,98.0,6,21.2,0,98.0,9.22,98.0,0.1,597.1659,36.0,14.1,14.2,0.651,11.8
Maldives,2008,Developing,75.9,81.0,0,1.76,1077.712092,98.0,0,2.3,0,98.0,9.3,98.0,0.1,5828.621374,362.0,14.2,14.3,0.641,11.8
Maldives,2007,Developing,75.4,82.0,0,1.78,6.491488598,98.0,20,19.5,0,98.0,6.64,98.0,0.1,52.862285,349.0,14.3,14.4,0.632,11.9
Maldives,2006,Developing,75.0,88.0,0,1.62,659.8499118,98.0,47,18.7,0,98.0,7.37,98.0,0.1,4428.522898,333.0,14.3,14.5,0.622,12.0
Maldives,2005,Developing,74.3,93.0,0,1.47,620.9518909,98.0,1395,18.0,0,98.0,9.52,98.0,0.1,3488.493769,321.0,14.4,14.5,0.625,12.1
Maldives,2004,Developing,73.4,16.0,0,1.6,611.9093566,97.0,37,17.3,0,96.0,5.89,96.0,0.1,3853.33348,312.0,14.5,14.6,0.617,12.2
Maldives,2003,Developing,72.7,112.0,0,1.75,491.4978908,98.0,75,16.7,0,98.0,5.9,98.0,0.1,3432.247841,34.0,14.6,14.7,0.601,11.8
Maldives,2002,Developing,71.8,124.0,0,1.95,4.299053392,98.0,926,16.2,0,98.0,5.78,98.0,0.1,32.37239,297.0,14.6,14.7,0.597,12.0
Maldives,2001,Developing,78.0,129.0,0,1.98,41.30688803,98.0,0,15.6,0,97.0,5.84,98.0,0.1,298.67598,292.0,14.7,14.8,0.587,11.8
Maldives,2000,Developing,69.6,139.0,0,1.83,300.1621026,96.0,20,15.2,0,98.0,8.0,98.0,0.1,2182.99711,286.0,14.8,14.8,0.577,11.3
